marketplace,pid,url,title,option_text,raw_option_text,control_kind,control_dom_index,control_input_id,control_value,tier,duration,delivery,price_rub,strong_signal,glitched,glitch_reason,available,availability_reason,price_changed,price_stable,price_verified,final_verified,final_observed_price,verification_note
plati,5971847,https://plati.market/itm/5971847,Купить Z.AI | Подписка GLM Coding Lite/Pro/Max от 1 до 12 месяцев,Продление старого аккаунта подписки ZAI GLM Lite на месяц (email клиента) | +530 ₽,"Продление старого аккаунта подписки ZAI GLM Lite на месяц (email клиента)
+530 ₽",label,3,,,Lite,1m,own_account,2329.0,True,False,,True,,True,True,True,False,,
plati,5971847,https://plati.market/itm/5971847,Купить Z.AI | Подписка GLM Coding Lite/Pro/Max от 1 до 12 месяцев,Аккаунт ZAI GLM PRO для подписки на 1 месяц (наш email) | +7 600 ₽,"Аккаунт ZAI GLM PRO для подписки на 1 месяц (наш email)
+7 600 ₽",label,4,,,Pro,1m,own_account,9399.0,True,False,,True,,True,True,True,False,,
plati,5971847,https://plati.market/itm/5971847,Купить Z.AI | Подписка GLM Coding Lite/Pro/Max от 1 до 12 месяцев,Продление старого аккаунта подписки ZAI GLM Pro на месяц (email клиента) | +8 000 ₽,"Продление старого аккаунта подписки ZAI GLM Pro на месяц (email клиента)
+8 000 ₽",label,5,,,Pro,1m,own_account,9799.0,True,False,,True,,True,True,True,False,,
plati,5971847,https://plati.market/itm/5971847,Купить Z.AI | Подписка GLM Coding Lite/Pro/Max от 1 до 12 месяцев,Аккаунт ZAI GLM MAX для подписки на 1 месяц (наш email) | +16 800 ₽,"Аккаунт ZAI GLM MAX для подписки на 1 месяц (наш email)
+16 800 ₽",label,6,,,Max,1m,own_account,18599.0,True,False,,True,,True,True,True,False,,
plati,5971847,https://plati.market/itm/5971847,Купить Z.AI | Подписка GLM Coding Lite/Pro/Max от 1 до 12 месяцев,ZAI GLM MAX подписка на 1 месяц / продление старого аккаунта (email клиента) | +17 300 ₽,"ZAI GLM MAX подписка на 1 месяц / продление старого аккаунта (email клиента)
+17 300 ₽",label,7,,,Max,1m,own_account,19099.0,True,False,,True,,True,True,True,False,,
plati,5971847,https://plati.market/itm/5971847,Купить Z.AI | Подписка GLM Coding Lite/Pro/Max от 1 до 12 месяцев,Аккаунт ZAI GLM LITE для подписки на месяц (я отправлю вам новый аккаунт на нашу почту) | Выбран,"Аккаунт ZAI GLM LITE для подписки на месяц (я отправлю вам новый аккаунт на нашу почту)
Выбран",label,2,,,Lite,1m,new_account,1799.0,True,False,,True,,True,True,True,False,,
plati,5840436,https://plati.market/itm/5840436,Купить Z AI | Z.ai | Подписка GLM Coding Lite/Pro на 1/3/12 месяцев,Lite - 3 месяца | +4 749 ₽,"Lite - 3 месяца
+4 749 ₽",label,5,,,Lite,3m,unknown,6459.0,True,False,,True,,True,True,True,False,,
plati,5840436,https://plati.market/itm/5840436,Купить Z AI | Z.ai | Подписка GLM Coding Lite/Pro на 1/3/12 месяцев,Pro - 3 месяца | +18 521 ₽,"Pro - 3 месяца
+18 521 ₽",label,6,,,Pro,3m,unknown,20230.0,True,False,,True,,True,True,True,False,,
plati,5840436,https://plati.market/itm/5840436,Купить Z AI | Z.ai | Подписка GLM Coding Lite/Pro на 1/3/12 месяцев,Max - 3 месяца ?? | +55 086 ₽,"Max - 3 месяца ??
+55 086 ₽",label,7,,,Max,3m,unknown,56795.0,True,False,,True,,True,True,True,False,,
plati,5840436,https://plati.market/itm/5840436,Купить Z AI | Z.ai | Подписка GLM Coding Lite/Pro на 1/3/12 месяцев,Lite - 1 год | +18 995 ₽,"Lite - 1 год
+18 995 ₽",label,8,,,Lite,12m,unknown,20705.0,True,False,,True,,True,True,True,False,,
plati,5840436,https://plati.market/itm/5840436,Купить Z AI | Z.ai | Подписка GLM Coding Lite/Pro на 1/3/12 месяцев,Pro - 1 год ?? | +75 980 ₽,"Pro - 1 год ??
+75 980 ₽",label,9,,,Pro,12m,unknown,77690.0,True,False,,True,,True,True,True,False,,
plati,5225617,https://plati.market/itm/5225617,Купить Z.Ai - 1 месяц / Все тарифные планы / Официальная подписка / Полная гарантия,План Pro / 1 месяц | +7 909 ₽,"План Pro / 1 месяц
+7 909 ₽",label,3,,,Pro,1m,unknown,9798.0,True,False,,True,,True,True,True,False,,
plati,5225617,https://plati.market/itm/5225617,Купить Z.Ai - 1 месяц / Все тарифные планы / Официальная подписка / Полная гарантия,Лайт-план / 1 месяц | Выбран,"Лайт-план / 1 месяц
Выбран",label,2,,,Lite,1m,unknown,1890.0,True,False,,True,,True,True,True,False,,
plati,6002805,https://plati.market/itm/6002805,Купить 1-12 МЕСЯЦЕВ ПОДПИСКИ Z.AI / НА ВАШ АККАУНТ,1 месяц Lite,1 месяц Lite,label,4,,,Lite,1m,own_account,2001.0,True,False,,True,,False,True,False,False,,
plati,6002805,https://plati.market/itm/6002805,Купить 1-12 МЕСЯЦЕВ ПОДПИСКИ Z.AI / НА ВАШ АККАУНТ,3 месяца Lite,3 месяца Lite,label,5,,,Lite,3m,own_account,5950.0,True,False,,True,,True,True,False,False,,
plati,6002805,https://plati.market/itm/6002805,Купить 1-12 МЕСЯЦЕВ ПОДПИСКИ Z.AI / НА ВАШ АККАУНТ,12 месяцев Lite,12 месяцев Lite,label,6,,,Lite,12m,own_account,20823.0,True,False,,True,,True,True,False,False,,
plati,6002805,https://plati.market/itm/6002805,Купить 1-12 МЕСЯЦЕВ ПОДПИСКИ Z.AI / НА ВАШ АККАУНТ,1 месяц Pro,1 месяц Pro,label,7,,,Pro,1m,own_account,8924.0,True,False,,True,,True,True,False,False,,
plati,6002805,https://plati.market/itm/6002805,Купить 1-12 МЕСЯЦЕВ ПОДПИСКИ Z.AI / НА ВАШ АККАУНТ,3 месяца Pro,3 месяца Pro,label,8,,,Pro,3m,own_account,23798.0,True,False,,True,,True,True,False,False,,
plati,6002805,https://plati.market/itm/6002805,Купить 1-12 МЕСЯЦЕВ ПОДПИСКИ Z.AI / НА ВАШ АККАУНТ,12 месяцев Pro,12 месяцев Pro,label,9,,,Pro,12m,own_account,83290.0,True,False,,True,,True,True,False,False,,
plati,6002805,https://plati.market/itm/6002805,Купить 1-12 МЕСЯЦЕВ ПОДПИСКИ Z.AI / НА ВАШ АККАУНТ,1 месяц Max,1 месяц Max,label,10,,,Max,1m,own_account,19831.0,True,False,,True,,True,True,False,False,,
plati,6002805,https://plati.market/itm/6002805,Купить 1-12 МЕСЯЦЕВ ПОДПИСКИ Z.AI / НА ВАШ АККАУНТ,3 месяца Max,3 месяца Max,label,11,,,Max,3m,own_account,52883.0,True,False,,True,,True,True,False,False,,
plati,6002805,https://plati.market/itm/6002805,Купить 1-12 МЕСЯЦЕВ ПОДПИСКИ Z.AI / НА ВАШ АККАУНТ,12 месяцев Max,12 месяцев Max,label,12,,,Max,12m,own_account,185088.0,True,False,,True,,True,True,False,False,,
plati,6100129,https://plati.market/itm/6100129,Купить Z.AI GLM CODING — 12 МЕСЯЦЕВ [LITE / PRO / MAX] — 100% ГАРАНТИЯ | ЛУЧШЕЕ ПРЕДЛОЖЕНИЕ,Z.ai GLM Coding Lite — 1 месяц (мы предоставим вам полный аккаунт) | +209 ₽,"Z.ai GLM Coding Lite — 1 месяц (мы предоставим вам полный аккаунт)
+209 ₽",label,4,,,Lite,1m,unknown,2073.0,True,False,,True,,True,True,True,False,,
plati,6100129,https://plati.market/itm/6100129,Купить Z.AI GLM CODING — 12 МЕСЯЦЕВ [LITE / PRO / MAX] — 100% ГАРАНТИЯ | ЛУЧШЕЕ ПРЕДЛОЖЕНИЕ,Апгрейд / продление: Z.ai GLM Coding Lite — 3 месяца (требуется вход в аккаунт) | +3 538 ₽,"Апгрейд / продление: Z.ai GLM Coding Lite — 3 месяца (требуется вход в аккаунт)
+3 538 ₽",label,5,,,Lite,3m,own_account,5403.0,True,False,,True,,True,True,True,False,,
plati,6100129,https://plati.market/itm/6100129,Купить Z.AI GLM CODING — 12 МЕСЯЦЕВ [LITE / PRO / MAX] — 100% ГАРАНТИЯ | ЛУЧШЕЕ ПРЕДЛОЖЕНИЕ,Z.ai GLM Coding Lite — 3 месяца (мы предоставим вам полный аккаунт) | +3 705 ₽,"Z.ai GLM Coding Lite — 3 месяца (мы предоставим вам полный аккаунт)
+3 705 ₽",label,6,,,Lite,3m,unknown,5570.0,True,False,,True,,True,True,True,False,,
plati,6100129,https://plati.market/itm/6100129,Купить Z.AI GLM CODING — 12 МЕСЯЦЕВ [LITE / PRO / MAX] — 100% ГАРАНТИЯ | ЛУЧШЕЕ ПРЕДЛОЖЕНИЕ,Апгрейд / продление: Z.ai GLM Coding Lite — 1 год (требуется вход в аккаунт) | +19 438 ₽,"Апгрейд / продление: Z.ai GLM Coding Lite — 1 год (требуется вход в аккаунт)
+19 438 ₽",label,7,,,Lite,12m,own_account,21303.0,True,False,,True,,True,True,True,False,,
plati,6100129,https://plati.market/itm/6100129,Купить Z.AI GLM CODING — 12 МЕСЯЦЕВ [LITE / PRO / MAX] — 100% ГАРАНТИЯ | ЛУЧШЕЕ ПРЕДЛОЖЕНИЕ,Z.ai GLM Coding Lite — 1 год (мы предоставим вам полный аккаунт) | +20 271 ₽,"Z.ai GLM Coding Lite — 1 год (мы предоставим вам полный аккаунт)
+20 271 ₽",label,8,,,Lite,12m,unknown,22135.0,True,False,,True,,True,True,True,False,,
plati,6100129,https://plati.market/itm/6100129,Купить Z.AI GLM CODING — 12 МЕСЯЦЕВ [LITE / PRO / MAX] — 100% ГАРАНТИЯ | ЛУЧШЕЕ ПРЕДЛОЖЕНИЕ,Апгрейд / продление: Z.ai GLM Coding Pro — 1 месяц (требуется вход в аккаунт) | +7 701 ₽,"Апгрейд / продление: Z.ai GLM Coding Pro — 1 месяц (требуется вход в аккаунт)
+7 701 ₽",label,9,,,Pro,1m,own_account,9565.0,True,False,,True,,True,True,True,False,,
plati,6100129,https://plati.market/itm/6100129,Купить Z.AI GLM CODING — 12 МЕСЯЦЕВ [LITE / PRO / MAX] — 100% ГАРАНТИЯ | ЛУЧШЕЕ ПРЕДЛОЖЕНИЕ,Z.ai GLM Coding Pro — 1 месяц (мы предоставим вам полный аккаунт) | +8 533 ₽,"Z.ai GLM Coding Pro — 1 месяц (мы предоставим вам полный аккаунт)
+8 533 ₽",label,10,,,Pro,1m,unknown,10398.0,True,False,,True,,True,True,True,False,,
plati,6100129,https://plati.market/itm/6100129,Купить Z.AI GLM CODING — 12 МЕСЯЦЕВ [LITE / PRO / MAX] — 100% ГАРАНТИЯ | ЛУЧШЕЕ ПРЕДЛОЖЕНИЕ,Апгрейд / продление: Z.ai GLM Coding Pro — 3 месяца (требуется вход в аккаунт) | +20 021 ₽,"Апгрейд / продление: Z.ai GLM Coding Pro — 3 месяца (требуется вход в аккаунт)
+20 021 ₽",label,11,,,Pro,3m,own_account,21886.0,True,False,,True,,True,True,True,False,,
plati,6100129,https://plati.market/itm/6100129,Купить Z.AI GLM CODING — 12 МЕСЯЦЕВ [LITE / PRO / MAX] — 100% ГАРАНТИЯ | ЛУЧШЕЕ ПРЕДЛОЖЕНИЕ,Z.ai GLM Coding Pro — 3 месяца (мы предоставим вам полный аккаунт) | +20 853 ₽,"Z.ai GLM Coding Pro — 3 месяца (мы предоставим вам полный аккаунт)
+20 853 ₽",label,12,,,Pro,3m,unknown,22718.0,True,False,,True,,True,True,True,False,,
plati,6100129,https://plati.market/itm/6100129,Купить Z.AI GLM CODING — 12 МЕСЯЦЕВ [LITE / PRO / MAX] — 100% ГАРАНТИЯ | ЛУЧШЕЕ ПРЕДЛОЖЕНИЕ,Апгрейд / продление: Z.ai GLM Coding Pro — 1 год (требуется вход в аккаунт) | +77 460 ₽,"Апгрейд / продление: Z.ai GLM Coding Pro — 1 год (требуется вход в аккаунт)
+77 460 ₽",label,13,,,Pro,12m,own_account,79325.0,True,False,,True,,True,True,True,False,,
plati,6100129,https://plati.market/itm/6100129,Купить Z.AI GLM CODING — 12 МЕСЯЦЕВ [LITE / PRO / MAX] — 100% ГАРАНТИЯ | ЛУЧШЕЕ ПРЕДЛОЖЕНИЕ,Z.ai GLM Coding Pro — 1 год (мы предоставим вам полный аккаунт) | +78 293 ₽,"Z.ai GLM Coding Pro — 1 год (мы предоставим вам полный аккаунт)
+78 293 ₽",label,14,,,Pro,12m,unknown,80157.0,True,False,,True,,True,True,True,False,,
plati,6100129,https://plati.market/itm/6100129,Купить Z.AI GLM CODING — 12 МЕСЯЦЕВ [LITE / PRO / MAX] — 100% ГАРАНТИЯ | ЛУЧШЕЕ ПРЕДЛОЖЕНИЕ,Апгрейд / продление: Z.ai GLM Coding Max — 1 месяц (требуется вход в аккаунт) | +17 524 ₽,"Апгрейд / продление: Z.ai GLM Coding Max — 1 месяц (требуется вход в аккаунт)
+17 524 ₽",label,15,,,Max,1m,own_account,19388.0,True,False,,True,,True,True,True,False,,
plati,6100129,https://plati.market/itm/6100129,Купить Z.AI GLM CODING — 12 МЕСЯЦЕВ [LITE / PRO / MAX] — 100% ГАРАНТИЯ | ЛУЧШЕЕ ПРЕДЛОЖЕНИЕ,Z.ai GLM Coding Max — 1 месяц (мы предоставим вам полный аккаунт) | +18 356 ₽,"Z.ai GLM Coding Max — 1 месяц (мы предоставим вам полный аккаунт)
+18 356 ₽",label,16,,,Max,1m,unknown,20221.0,True,False,,True,,True,True,True,False,,
plati,6100129,https://plati.market/itm/6100129,Купить Z.AI GLM CODING — 12 МЕСЯЦЕВ [LITE / PRO / MAX] — 100% ГАРАНТИЯ | ЛУЧШЕЕ ПРЕДЛОЖЕНИЕ,Апгрейд / продление: Z.ai GLM Coding Max — 3 месяца (требуется вход в аккаунт) | +47 908 ₽,"Апгрейд / продление: Z.ai GLM Coding Max — 3 месяца (требуется вход в аккаунт)
+47 908 ₽",label,17,,,Max,3m,own_account,49773.0,True,False,,True,,True,True,True,False,,
plati,6100129,https://plati.market/itm/6100129,Купить Z.AI GLM CODING — 12 МЕСЯЦЕВ [LITE / PRO / MAX] — 100% ГАРАНТИЯ | ЛУЧШЕЕ ПРЕДЛОЖЕНИЕ,Z.ai GLM Coding Max — 3 месяца (мы предоставим вам полный аккаунт) | +48 741 ₽,"Z.ai GLM Coding Max — 3 месяца (мы предоставим вам полный аккаунт)
+48 741 ₽",label,18,,,Max,3m,unknown,50605.0,True,False,,True,,True,True,True,False,,
plati,6100129,https://plati.market/itm/6100129,Купить Z.AI GLM CODING — 12 МЕСЯЦЕВ [LITE / PRO / MAX] — 100% ГАРАНТИЯ | ЛУЧШЕЕ ПРЕДЛОЖЕНИЕ,Апгрейд / продление: Z.ai GLM Coding Max — 1 год (требуется вход в аккаунт) | +164 036 ₽,"Апгрейд / продление: Z.ai GLM Coding Max — 1 год (требуется вход в аккаунт)
+164 036 ₽",label,19,,,Max,12m,own_account,165900.0,True,False,,True,,True,True,True,False,,
plati,6100129,https://plati.market/itm/6100129,Купить Z.AI GLM CODING — 12 МЕСЯЦЕВ [LITE / PRO / MAX] — 100% ГАРАНТИЯ | ЛУЧШЕЕ ПРЕДЛОЖЕНИЕ,Z.ai GLM Coding Max — 1 год (мы предоставим вам полный аккаунт) | +164 868 ₽,"Z.ai GLM Coding Max — 1 год (мы предоставим вам полный аккаунт)
+164 868 ₽",label,20,,,Max,12m,unknown,166733.0,True,False,,True,,True,True,True,False,,
plati,6100129,https://plati.market/itm/6100129,Купить Z.AI GLM CODING — 12 МЕСЯЦЕВ [LITE / PRO / MAX] — 100% ГАРАНТИЯ | ЛУЧШЕЕ ПРЕДЛОЖЕНИЕ,Апгрейд / продление: Z.ai GLM Coding Lite — 1 месяц (требуется вход в аккаунт) | Выбран,"Апгрейд / продление: Z.ai GLM Coding Lite — 1 месяц (требуется вход в аккаунт)
Выбран",label,3,,,Lite,1m,own_account,1865.0,True,False,,True,,True,True,True,False,,
plati,5943599,https://plati.market/itm/5943599,Купить Подписка Z.AI (1 месяц) 💎 Гарантия 100% | Официальная активация,Lite | 1 месяц,Lite | 1 месяц,label,2,,,Lite,1m,new_account,2100.0,True,False,,True,,False,True,False,False,,
plati,5943599,https://plati.market/itm/5943599,Купить Подписка Z.AI (1 месяц) 💎 Гарантия 100% | Официальная активация,Pro | 1 месяц,Pro | 1 месяц,label,3,,,Pro,1m,new_account,8662.0,True,False,,True,,True,True,False,False,,
plati,5943599,https://plati.market/itm/5943599,Купить Подписка Z.AI (1 месяц) 💎 Гарантия 100% | Официальная активация,Max | 1 месяц,Max | 1 месяц,label,4,,,Max,1m,new_account,17649.0,True,False,,True,,True,True,False,False,,
plati,5997168,https://plati.market/itm/5997168,Купить Подписка Z AI Z.Ai | Официальная оплата | 1/3/12 месяцев,Z AI Coding Lite 1 месяц,Z AI Coding Lite 1 месяц,label,2,,,Lite,1m,unknown,2090.0,True,False,,True,,False,True,False,False,,
plati,5997168,https://plati.market/itm/5997168,Купить Подписка Z AI Z.Ai | Официальная оплата | 1/3/12 месяцев,Z AI Coding Lite 3 месяца,Z AI Coding Lite 3 месяца,label,3,,,Lite,3m,unknown,4989.0,True,False,,True,,True,True,False,False,,
plati,5997168,https://plati.market/itm/5997168,Купить Подписка Z AI Z.Ai | Официальная оплата | 1/3/12 месяцев,Z AI Coding Lite 1 год,Z AI Coding Lite 1 год,label,4,,,Lite,12m,unknown,18789.0,True,False,,True,,True,True,False,False,,
plati,5997168,https://plati.market/itm/5997168,Купить Подписка Z AI Z.Ai | Официальная оплата | 1/3/12 месяцев,Z AI Coding Pro 1 месяц,Z AI Coding Pro 1 месяц,label,5,,,Pro,1m,unknown,8590.0,True,False,,True,,True,True,False,False,,
plati,5997168,https://plati.market/itm/5997168,Купить Подписка Z AI Z.Ai | Официальная оплата | 1/3/12 месяцев,Z AI Coding Pro 3 месяца,Z AI Coding Pro 3 месяца,label,6,,,Pro,3m,unknown,19990.0,True,False,,True,,True,True,False,False,,
plati,5997168,https://plati.market/itm/5997168,Купить Подписка Z AI Z.Ai | Официальная оплата | 1/3/12 месяцев,Z AI Coding Pro 1 год,Z AI Coding Pro 1 год,label,7,,,Pro,12m,unknown,69690.0,True,False,,True,,True,True,False,False,,
plati,5997168,https://plati.market/itm/5997168,Купить Подписка Z AI Z.Ai | Официальная оплата | 1/3/12 месяцев,Z AI Coding Max 1 месяц,Z AI Coding Max 1 месяц,label,8,,,Max,1m,unknown,17190.0,True,False,,True,,True,True,False,False,,
plati,5997168,https://plati.market/itm/5997168,Купить Подписка Z AI Z.Ai | Официальная оплата | 1/3/12 месяцев,Z AI Coding Max 3 месяца,Z AI Coding Max 3 месяца,label,9,,,Max,3m,unknown,43490.0,True,False,,True,,True,True,False,False,,
plati,5997168,https://plati.market/itm/5997168,Купить Подписка Z AI Z.Ai | Официальная оплата | 1/3/12 месяцев,Z AI Coding Max 1 год,Z AI Coding Max 1 год,label,10,,,Max,12m,unknown,156090.0,True,False,,True,,True,True,False,False,,
plati,5922420,https://plati.market/itm/5922420,Купить Z.AI | LITE/PRO/MAX| НА 1/3/12 МЕСЯЦЕВ | НА ВАШ АККАУНТ,LITE - на 3 месяца | +2 715 ₽,"LITE - на 3 месяца
+2 715 ₽",label,4,,,Lite,3m,own_account,4914.0,True,False,,True,,True,True,True,False,,
plati,5922420,https://plati.market/itm/5922420,Купить Z.AI | LITE/PRO/MAX| НА 1/3/12 МЕСЯЦЕВ | НА ВАШ АККАУНТ,PRO - на 1 месяц | +7 131 ₽,"PRO - на 1 месяц
+7 131 ₽",label,5,,,Pro,1m,own_account,9330.0,True,False,,True,,True,True,True,False,,
plati,5922420,https://plati.market/itm/5922420,Купить Z.AI | LITE/PRO/MAX| НА 1/3/12 МЕСЯЦЕВ | НА ВАШ АККАУНТ,PRO - на 3 месяца | +20 200 ₽,"PRO - на 3 месяца
+20 200 ₽",label,6,,,Pro,3m,own_account,22399.0,True,False,,True,,True,True,True,False,,
plati,5922420,https://plati.market/itm/5922420,Купить Z.AI | LITE/PRO/MAX| НА 1/3/12 МЕСЯЦЕВ | НА ВАШ АККАУНТ,MAX - на 1 месяц | +17 546 ₽,"MAX - на 1 месяц
+17 546 ₽",label,7,,,Max,1m,own_account,19745.0,True,False,,True,,True,True,True,False,,
plati,5922420,https://plati.market/itm/5922420,Купить Z.AI | LITE/PRO/MAX| НА 1/3/12 МЕСЯЦЕВ | НА ВАШ АККАУНТ,MAX - на 3 месяца | +48 300 ₽,"MAX - на 3 месяца
+48 300 ₽",label,8,,,Max,3m,own_account,50499.0,True,False,,True,,True,True,True,False,,
plati,5922420,https://plati.market/itm/5922420,Купить Z.AI | LITE/PRO/MAX| НА 1/3/12 МЕСЯЦЕВ | НА ВАШ АККАУНТ,LITE - на 1 месяц | Выбран,"LITE - на 1 месяц
Выбран",label,3,,,Lite,1m,own_account,2199.0,True,False,,True,,True,True,True,False,,
plati,5957769,https://plati.market/itm/5957769,Купить Z AI | Z.ai | Подписка GLM Coding LITE/PRO/MAX на 1 месяц | Недорого,GLM Coding Lite 1 Month,GLM Coding Lite 1 Month,label,2,,,Lite,1m,unknown,2208.0,True,False,,True,,False,True,False,False,,
plati,5957769,https://plati.market/itm/5957769,Купить Z AI | Z.ai | Подписка GLM Coding LITE/PRO/MAX на 1 месяц | Недорого,GLM Coding Pro 1 Month 72$,GLM Coding Pro 1 Month 72$,label,3,,,Pro,1m,unknown,9334.0,True,False,,True,,True,True,False,False,,
plati,5957769,https://plati.market/itm/5957769,Купить Z AI | Z.ai | Подписка GLM Coding LITE/PRO/MAX на 1 месяц | Недорого,GLM Coding Max 1 Month 160$,GLM Coding Max 1 Month 160$,label,4,,,Max,1m,unknown,20273.0,True,False,,True,,True,True,False,False,,
plati,5523111,https://plati.market/itm/5523111,"Купить 🖱️Z Ai / Z.ai | Lite, Pro, Max | 1, 3, 12 месяцев | Ваш аккаунт",Pro | Месяц | +8 500 ₽,"Pro | Месяц
+8 500 ₽",label,3,,,Pro,1m,own_account,10949.0,True,False,,True,,True,True,True,False,,
plati,5523111,https://plati.market/itm/5523111,"Купить 🖱️Z Ai / Z.ai | Lite, Pro, Max | 1, 3, 12 месяцев | Ваш аккаунт",Max | Месяц | +20 400 ₽,"Max | Месяц
+20 400 ₽",label,4,,,Max,1m,own_account,22849.0,True,False,,True,,True,True,True,False,,
plati,5523111,https://plati.market/itm/5523111,"Купить 🖱️Z Ai / Z.ai | Lite, Pro, Max | 1, 3, 12 месяцев | Ваш аккаунт",Lite | 3 месяца | Есть скидка (первая подписка на аккаунте) | +3 600 ₽,"Lite | 3 месяца | Есть скидка (первая подписка на аккаунте)
+3 600 ₽",label,5,,,Lite,3m,own_account,6049.0,True,False,,True,,True,True,True,False,,
plati,5523111,https://plati.market/itm/5523111,"Купить 🖱️Z Ai / Z.ai | Lite, Pro, Max | 1, 3, 12 месяцев | Ваш аккаунт",Lite | 3 месяца | Нет скидки (продление подписки) | +5 000 ₽,"Lite | 3 месяца | Нет скидки (продление подписки)
+5 000 ₽",label,6,,,Lite,3m,own_account,7449.0,True,False,,True,,True,True,True,False,,
plati,5523111,https://plati.market/itm/5523111,"Купить 🖱️Z Ai / Z.ai | Lite, Pro, Max | 1, 3, 12 месяцев | Ваш аккаунт",Pro | 3 месяца | Есть скидка (первая подписка на аккаунте) | +23 550 ₽,"Pro | 3 месяца | Есть скидка (первая подписка на аккаунте)
+23 550 ₽",label,7,,,Pro,3m,own_account,25999.0,True,False,,True,,True,True,True,False,,
plati,5523111,https://plati.market/itm/5523111,"Купить 🖱️Z Ai / Z.ai | Lite, Pro, Max | 1, 3, 12 месяцев | Ваш аккаунт",Pro | 3 месяца | Нет скидки (продление подписки) | +27 050 ₽,"Pro | 3 месяца | Нет скидки (продление подписки)
+27 050 ₽",label,8,,,Pro,3m,own_account,29499.0,True,False,,True,,True,True,True,False,,
plati,5523111,https://plati.market/itm/5523111,"Купить 🖱️Z Ai / Z.ai | Lite, Pro, Max | 1, 3, 12 месяцев | Ваш аккаунт",Lite | Год | Есть скидка (первая подписка на аккаунте) | +18 200 ₽,"Lite | Год | Есть скидка (первая подписка на аккаунте)
+18 200 ₽",label,9,,,Lite,12m,own_account,20649.0,True,False,,True,,True,True,True,False,,
plati,5523111,https://plati.market/itm/5523111,"Купить 🖱️Z Ai / Z.ai | Lite, Pro, Max | 1, 3, 12 месяцев | Ваш аккаунт",Lite | Год | Нет скидки (продление подписки) | +26 750 ₽,"Lite | Год | Нет скидки (продление подписки)
+26 750 ₽",label,10,,,Lite,12m,own_account,29199.0,True,False,,True,,True,True,True,False,,
plati,5523111,https://plati.market/itm/5523111,"Купить 🖱️Z Ai / Z.ai | Lite, Pro, Max | 1, 3, 12 месяцев | Ваш аккаунт",Lite | Месяц | Выбран,"Lite | Месяц
Выбран",label,2,,,Lite,1m,own_account,2449.0,True,False,,True,,True,True,True,False,,
plati,6134455,https://plati.market/itm/6134455,Купить Z.ai GLM Coding Lite Pro Max 1-12 месяцев Полная гарантия,Продление/Апгрейд: Z.ai GLM Coding Lite — 1 месяц (требуется вход),Продление/Апгрейд: Z.ai GLM Coding Lite — 1 месяц (требуется вход),label,2,,,Lite,1m,own_account,2350.0,True,False,,True,,False,True,False,False,,
plati,6134455,https://plati.market/itm/6134455,Купить Z.ai GLM Coding Lite Pro Max 1-12 месяцев Полная гарантия,Аккаунт Z.ai GLM Coding Lite — 1 месяц (случайный Email),Аккаунт Z.ai GLM Coding Lite — 1 месяц (случайный Email),label,3,,,Lite,1m,new_account,2450.0,True,False,,True,,True,True,False,False,,
plati,6134455,https://plati.market/itm/6134455,Купить Z.ai GLM Coding Lite Pro Max 1-12 месяцев Полная гарантия,Продление/Апгрейд: Z.ai GLM Coding Lite — 3 месяца (требуется вход),Продление/Апгрейд: Z.ai GLM Coding Lite — 3 месяца (требуется вход),label,4,,,Lite,3m,own_account,5600.0,True,False,,True,,True,True,False,False,,
plati,6134455,https://plati.market/itm/6134455,Купить Z.ai GLM Coding Lite Pro Max 1-12 месяцев Полная гарантия,Аккаунт Z.ai GLM Coding Lite — 3 месяца (случайный Email),Аккаунт Z.ai GLM Coding Lite — 3 месяца (случайный Email),label,5,,,Lite,3m,new_account,5700.0,True,False,,True,,True,True,False,False,,
plati,6134455,https://plati.market/itm/6134455,Купить Z.ai GLM Coding Lite Pro Max 1-12 месяцев Полная гарантия,Продление/Апгрейд: Z.ai GLM Coding Lite — 1 год (требуется вход),Продление/Апгрейд: Z.ai GLM Coding Lite — 1 год (требуется вход),label,6,,,Lite,12m,own_account,21500.0,True,False,,True,,True,True,False,False,,
plati,6134455,https://plati.market/itm/6134455,Купить Z.ai GLM Coding Lite Pro Max 1-12 месяцев Полная гарантия,Аккаунт Z.ai GLM Coding Lite — 1 год (случайный Email),Аккаунт Z.ai GLM Coding Lite — 1 год (случайный Email),label,7,,,Lite,12m,new_account,21650.0,True,False,,True,,True,True,False,False,,
plati,6134455,https://plati.market/itm/6134455,Купить Z.ai GLM Coding Lite Pro Max 1-12 месяцев Полная гарантия,Продление/Апгрейд: Z.ai GLM Coding Pro — 1 месяц (требуется вход),Продление/Апгрейд: Z.ai GLM Coding Pro — 1 месяц (требуется вход),label,8,,,Pro,1m,own_account,9850.0,True,False,,True,,True,True,False,False,,
plati,6134455,https://plati.market/itm/6134455,Купить Z.ai GLM Coding Lite Pro Max 1-12 месяцев Полная гарантия,Аккаунт Z.ai GLM Coding Pro — 1 месяц (случайный Email),Аккаунт Z.ai GLM Coding Pro — 1 месяц (случайный Email),label,9,,,Pro,1m,new_account,10000.0,True,False,,True,,True,True,False,False,,
plati,6134455,https://plati.market/itm/6134455,Купить Z.ai GLM Coding Lite Pro Max 1-12 месяцев Полная гарантия,Продление/Апгрейд: Z.ai GLM Coding Pro — 3 месяца (требуется вход),Продление/Апгрейд: Z.ai GLM Coding Pro — 3 месяца (требуется вход),label,10,,,Pro,3m,own_account,22150.0,True,False,,True,,True,True,False,False,,
plati,6134455,https://plati.market/itm/6134455,Купить Z.ai GLM Coding Lite Pro Max 1-12 месяцев Полная гарантия,Аккаунт Z.ai GLM Coding Pro — 3 месяца (случайный Email),Аккаунт Z.ai GLM Coding Pro — 3 месяца (случайный Email),label,11,,,Pro,3m,new_account,22350.0,True,False,,True,,True,True,False,False,,
plati,6134455,https://plati.market/itm/6134455,Купить Z.ai GLM Coding Lite Pro Max 1-12 месяцев Полная гарантия,Продление/Апгрейд: Z.ai GLM Coding Pro — 1 год (требуется вход),Продление/Апгрейд: Z.ai GLM Coding Pro — 1 год (требуется вход),label,12,,,Pro,12m,own_account,80700.0,True,False,,True,,True,True,False,False,,
plati,6134455,https://plati.market/itm/6134455,Купить Z.ai GLM Coding Lite Pro Max 1-12 месяцев Полная гарантия,Аккаунт Z.ai GLM Coding Pro — 1 год (случайный Email),Аккаунт Z.ai GLM Coding Pro — 1 год (случайный Email),label,13,,,Pro,12m,new_account,80850.0,True,False,,True,,True,True,False,False,,
plati,6134455,https://plati.market/itm/6134455,Купить Z.ai GLM Coding Lite Pro Max 1-12 месяцев Полная гарантия,Продление/Апгрейд: Z.ai GLM Coding Max — 1 месяц (требуется вход),Продление/Апгрейд: Z.ai GLM Coding Max — 1 месяц (требуется вход),label,14,,,Max,1m,own_account,19850.0,True,False,,True,,True,True,False,False,,
plati,6134455,https://plati.market/itm/6134455,Купить Z.ai GLM Coding Lite Pro Max 1-12 месяцев Полная гарантия,Аккаунт Z.ai GLM Coding Max — 1 месяц (случайный Email),Аккаунт Z.ai GLM Coding Max — 1 месяц (случайный Email),label,15,,,Max,1m,new_account,20050.0,True,False,,True,,True,True,False,False,,
plati,6134455,https://plati.market/itm/6134455,Купить Z.ai GLM Coding Lite Pro Max 1-12 месяцев Полная гарантия,Продление/Апгрейд: Z.ai GLM Coding Max — 3 месяца (требуется вход),Продление/Апгрейд: Z.ai GLM Coding Max — 3 месяца (требуется вход),label,16,,,Max,3m,own_account,50250.0,True,False,,True,,True,True,False,False,,
plati,6134455,https://plati.market/itm/6134455,Купить Z.ai GLM Coding Lite Pro Max 1-12 месяцев Полная гарантия,Аккаунт Z.ai GLM Coding Max — 3 месяца (случайный Email),Аккаунт Z.ai GLM Coding Max — 3 месяца (случайный Email),label,17,,,Max,3m,new_account,50450.0,True,False,,True,,True,True,False,False,,
plati,6134455,https://plati.market/itm/6134455,Купить Z.ai GLM Coding Lite Pro Max 1-12 месяцев Полная гарантия,Продление/Апгрейд: Z.ai GLM Coding Max — 1 год (требуется вход),Продление/Апгрейд: Z.ai GLM Coding Max — 1 год (требуется вход),label,18,,,Max,12m,own_account,168350.0,True,False,,True,,True,True,False,False,,
plati,6134455,https://plati.market/itm/6134455,Купить Z.ai GLM Coding Lite Pro Max 1-12 месяцев Полная гарантия,Аккаунт Z.ai GLM Coding Max — 1 год (случайный Email),Аккаунт Z.ai GLM Coding Max — 1 год (случайный Email),label,19,,,Max,12m,new_account,170350.0,True,False,,True,,True,True,False,False,,
plati,6063446,https://plati.market/itm/6063446,"Купить Z.AI Lite/Pro/Max: GLM, 1-12M | ПРОДЛЕНИЕ, ПОЛНАЯ ГАРАНТИЯ",Z.ai GLM Coding Lite – 3 месяца | +6 738 ₽,"Z.ai GLM Coding Lite – 3 месяца
+6 738 ₽",label,3,,,Lite,3m,own_account,9554.0,True,False,,True,,True,True,True,False,,
plati,6063446,https://plati.market/itm/6063446,"Купить Z.AI Lite/Pro/Max: GLM, 1-12M | ПРОДЛЕНИЕ, ПОЛНАЯ ГАРАНТИЯ",Z.ai GLM Coding Lite – 1 год | +25 644 ₽,"Z.ai GLM Coding Lite – 1 год
+25 644 ₽",label,4,,,Lite,12m,own_account,28460.0,True,False,,True,,True,True,True,False,,
plati,6063446,https://plati.market/itm/6063446,"Купить Z.AI Lite/Pro/Max: GLM, 1-12M | ПРОДЛЕНИЕ, ПОЛНАЯ ГАРАНТИЯ",Z.ai GLM Coding Pro – 1 месяц | +11 867 ₽,"Z.ai GLM Coding Pro – 1 месяц
+11 867 ₽",label,5,,,Pro,1m,own_account,14683.0,True,False,,True,,True,True,True,False,,
plati,6063446,https://plati.market/itm/6063446,"Купить Z.AI Lite/Pro/Max: GLM, 1-12M | ПРОДЛЕНИЕ, ПОЛНАЯ ГАРАНТИЯ",Z.ai GLM Coding Pro – 3 месяца | +26 750 ₽,"Z.ai GLM Coding Pro – 3 месяца
+26 750 ₽",label,6,,,Pro,3m,own_account,29566.0,True,False,,True,,True,True,True,False,,
plati,6063446,https://plati.market/itm/6063446,"Купить Z.AI Lite/Pro/Max: GLM, 1-12M | ПРОДЛЕНИЕ, ПОЛНАЯ ГАРАНТИЯ",Z.ai GLM Coding Pro – 1 год | +97 043 ₽,"Z.ai GLM Coding Pro – 1 год
+97 043 ₽",label,7,,,Pro,12m,own_account,99858.0,True,False,,True,,True,True,True,False,,
plati,6063446,https://plati.market/itm/6063446,"Купить Z.AI Lite/Pro/Max: GLM, 1-12M | ПРОДЛЕНИЕ, ПОЛНАЯ ГАРАНТИЯ",Z.ai GLM Coding Max – 1 месяц | +24 135 ₽,"Z.ai GLM Coding Max – 1 месяц
+24 135 ₽",label,8,,,Max,1m,own_account,26951.0,True,False,,True,,True,True,True,False,,
plati,6063446,https://plati.market/itm/6063446,"Купить Z.AI Lite/Pro/Max: GLM, 1-12M | ПРОДЛЕНИЕ, ПОЛНАЯ ГАРАНТИЯ",Z.ai GLM Coding Max – 3 месяца | +59 835 ₽,"Z.ai GLM Coding Max – 3 месяца
+59 835 ₽",label,9,,,Max,3m,own_account,62651.0,True,False,,True,,True,True,True,False,,
plati,6063446,https://plati.market/itm/6063446,"Купить Z.AI Lite/Pro/Max: GLM, 1-12M | ПРОДЛЕНИЕ, ПОЛНАЯ ГАРАНТИЯ",Z.ai GLM Coding Max – 1 год | +201 124 ₽,"Z.ai GLM Coding Max – 1 год
+201 124 ₽",label,10,,,Max,12m,own_account,203940.0,True,False,,True,,True,True,True,False,,
plati,6063446,https://plati.market/itm/6063446,"Купить Z.AI Lite/Pro/Max: GLM, 1-12M | ПРОДЛЕНИЕ, ПОЛНАЯ ГАРАНТИЯ",Z.ai GLM Coding Lite – 1 месяц | Выбран,"Z.ai GLM Coding Lite – 1 месяц
Выбран",label,2,,,Lite,1m,own_account,2816.0,True,False,,True,,True,True,True,False,,
plati,6111932,https://plati.market/itm/6111932,Купить Z.AI GLM Coding Plan Subscription 1-12M | ПОЛНАЯ ГАРАНТИЯ,Z.ai GLM Coding Lite - 3 месяца | +3 572 ₽,"Z.ai GLM Coding Lite - 3 месяца
+3 572 ₽",label,3,,,Lite,3m,unknown,6105.0,True,False,,True,,True,True,True,False,,
plati,6111932,https://plati.market/itm/6111932,Купить Z.AI GLM Coding Plan Subscription 1-12M | ПОЛНАЯ ГАРАНТИЯ,Z.ai GLM Coding Lite - 1 год | +19 585 ₽,"Z.ai GLM Coding Lite - 1 год
+19 585 ₽",label,4,,,Lite,12m,unknown,22119.0,True,False,,True,,True,True,True,False,,
plati,6111932,https://plati.market/itm/6111932,Купить Z.AI GLM Coding Plan Subscription 1-12M | ПОЛНАЯ ГАРАНТИЯ,Z.ai GLM Coding Pro - 1 месяц | +7 374 ₽,"Z.ai GLM Coding Pro - 1 месяц
+7 374 ₽",label,5,,,Pro,1m,unknown,9907.0,True,False,,True,,True,True,True,False,,
plati,6111932,https://plati.market/itm/6111932,Купить Z.AI GLM Coding Plan Subscription 1-12M | ПОЛНАЯ ГАРАНТИЯ,Z.ai GLM Coding Pro - 3 месяца | +24 654 ₽,"Z.ai GLM Coding Pro - 3 месяца
+24 654 ₽",label,6,,,Pro,3m,unknown,27188.0,True,False,,True,,True,True,True,False,,
plati,6111932,https://plati.market/itm/6111932,Купить Z.AI GLM Coding Plan Subscription 1-12M | ПОЛНАЯ ГАРАНТИЯ,Z.ai GLM Coding Pro - 1 год | +78 110 ₽,"Z.ai GLM Coding Pro - 1 год
+78 110 ₽",label,7,,,Pro,12m,unknown,80643.0,True,False,,True,,True,True,True,False,,
plati,6111932,https://plati.market/itm/6111932,Купить Z.AI GLM Coding Plan Subscription 1-12M | ПОЛНАЯ ГАРАНТИЯ,Z.ai GLM Coding Max - 1 месяц | +19 355 ₽,"Z.ai GLM Coding Max - 1 месяц
+19 355 ₽",label,8,,,Max,1m,unknown,21888.0,True,False,,True,,True,True,True,False,,
plati,6111932,https://plati.market/itm/6111932,Купить Z.AI GLM Coding Plan Subscription 1-12M | ПОЛНАЯ ГАРАНТИЯ,Z.ai GLM Coding Max - 3 месяца | +51 382 ₽,"Z.ai GLM Coding Max - 3 месяца
+51 382 ₽",label,9,,,Max,3m,unknown,53916.0,True,False,,True,,True,True,True,False,,
plati,6111932,https://plati.market/itm/6111932,Купить Z.AI GLM Coding Plan Subscription 1-12M | ПОЛНАЯ ГАРАНТИЯ,Z.ai GLM Coding Max - 1 год | +171 311 ₽,"Z.ai GLM Coding Max - 1 год
+171 311 ₽",label,10,,,Max,12m,unknown,173844.0,True,False,,True,,True,True,True,False,,
plati,6111932,https://plati.market/itm/6111932,Купить Z.AI GLM Coding Plan Subscription 1-12M | ПОЛНАЯ ГАРАНТИЯ,Z.ai GLM Coding Lite - 1 месяц | Выбран,"Z.ai GLM Coding Lite - 1 месяц
Выбран",label,2,,,Lite,1m,unknown,2534.0,True,False,,True,,True,True,True,False,,
ggsel,z-ai-glm-coding-plan-lite-pro-max-fast-activation-full-warranty-102458121,https://ggsel.net/catalog/product/z-ai-glm-coding-plan-lite-pro-max-fast-activation-full-warranty-102458121,"Купить Z.ai GLM Coding Plan: Lite / Pro / Max 1 - 12M | Fast Activation, Full Warranty",Z.ai GLM Coding Pro - 1 Month,Z.ai GLM Coding Pro - 1 Month,button,9,,,Pro,1m,own_account,8099.0,True,False,,True,,True,True,True,False,,
ggsel,z-ai-glm-coding-plan-lite-pro-max-fast-activation-full-warranty-102458121,https://ggsel.net/catalog/product/z-ai-glm-coding-plan-lite-pro-max-fast-activation-full-warranty-102458121,"Купить Z.ai GLM Coding Plan: Lite / Pro / Max 1 - 12M | Fast Activation, Full Warranty",Z.ai GLM Coding Pro - 3 Months,Z.ai GLM Coding Pro - 3 Months,button,10,,,Pro,3m,own_account,73099.0,True,False,,True,,True,True,True,False,,
ggsel,z-ai-glm-coding-plan-lite-pro-max-fast-activation-full-warranty-102458121,https://ggsel.net/catalog/product/z-ai-glm-coding-plan-lite-pro-max-fast-activation-full-warranty-102458121,"Купить Z.ai GLM Coding Plan: Lite / Pro / Max 1 - 12M | Fast Activation, Full Warranty",Z.ai GLM Coding Lite - 3 Months,Z.ai GLM Coding Lite - 3 Months,button,12,,,Lite,3m,own_account,5199.0,True,False,,True,,True,True,True,False,,
ggsel,z-ai-glm-coding-plan-lite-pro-max-fast-activation-full-warranty-102458121,https://ggsel.net/catalog/product/z-ai-glm-coding-plan-lite-pro-max-fast-activation-full-warranty-102458121,"Купить Z.ai GLM Coding Plan: Lite / Pro / Max 1 - 12M | Fast Activation, Full Warranty",Z.ai GLM Coding Lite - 12 Months,Z.ai GLM Coding Lite - 12 Months,button,13,,,Lite,12m,own_account,19599.0,True,False,,True,,True,True,True,False,,
ggsel,z-ai-glm-coding-plan-lite-pro-max-fast-activation-full-warranty-102458121,https://ggsel.net/catalog/product/z-ai-glm-coding-plan-lite-pro-max-fast-activation-full-warranty-102458121,"Купить Z.ai GLM Coding Plan: Lite / Pro / Max 1 - 12M | Fast Activation, Full Warranty",Z.ai GLM Coding Pro - 12 Months,Z.ai GLM Coding Pro - 12 Months,button,14,,,Pro,12m,own_account,21699.0,True,False,,True,,True,True,True,False,,
ggsel,z-ai-glm-coding-plan-lite-pro-max-fast-activation-full-warranty-102458121,https://ggsel.net/catalog/product/z-ai-glm-coding-plan-lite-pro-max-fast-activation-full-warranty-102458121,"Купить Z.ai GLM Coding Plan: Lite / Pro / Max 1 - 12M | Fast Activation, Full Warranty",Z.ai GLM Coding Max - 1 Month,Z.ai GLM Coding Max - 1 Month,button,15,,,Max,1m,own_account,18199.0,True,False,,True,,True,True,True,False,,
ggsel,z-ai-glm-coding-plan-lite-pro-max-fast-activation-full-warranty-102458121,https://ggsel.net/catalog/product/z-ai-glm-coding-plan-lite-pro-max-fast-activation-full-warranty-102458121,"Купить Z.ai GLM Coding Plan: Lite / Pro / Max 1 - 12M | Fast Activation, Full Warranty",Z.ai GLM Coding Max - 3 Month,Z.ai GLM Coding Max - 3 Month,button,16,,,Max,3m,own_account,45699.0,True,False,,True,,True,True,True,False,,
ggsel,z-ai-glm-coding-plan-lite-pro-max-fast-activation-full-warranty-102458121,https://ggsel.net/catalog/product/z-ai-glm-coding-plan-lite-pro-max-fast-activation-full-warranty-102458121,"Купить Z.ai GLM Coding Plan: Lite / Pro / Max 1 - 12M | Fast Activation, Full Warranty",Z.ai GLM Coding Lite - 1 Month,Z.ai GLM Coding Lite - 1 Month,button,11,,,Lite,1m,own_account,2099.0,True,False,,True,,True,True,True,False,,
plati,5619379,https://plati.market/itm/5619379,"Купить Апгрейд Z.AI Lite/Pro/Max: GLM 5.2, 1–12 месяца | БЫСТРО, ПОЛНАЯ ГАРАНТИЯ",Апгрейд/Продление: Z.ai GLM Coding Lite - 1 Месяц (Требуется Вход),Апгрейд/Продление: Z.ai GLM Coding Lite - 1 Месяц (Требуется Вход),label,2,,,Lite,1m,own_account,2425.0,True,False,,True,,False,True,False,False,,
plati,5619379,https://plati.market/itm/5619379,"Купить Апгрейд Z.AI Lite/Pro/Max: GLM 5.2, 1–12 месяца | БЫСТРО, ПОЛНАЯ ГАРАНТИЯ",Аккаунт Z.ai GLM Coding Lite - 1 Месяц (Случайный Email),Аккаунт Z.ai GLM Coding Lite - 1 Месяц (Случайный Email),label,3,,,Lite,1m,new_account,2508.0,True,False,,True,,True,True,False,False,,
plati,5619379,https://plati.market/itm/5619379,"Купить Апгрейд Z.AI Lite/Pro/Max: GLM 5.2, 1–12 месяца | БЫСТРО, ПОЛНАЯ ГАРАНТИЯ",Апгрейд/Продление: Z.ai GLM Coding Lite - 3 Месяца (Требуется Вход),Апгрейд/Продление: Z.ai GLM Coding Lite - 3 Месяца (Требуется Вход),label,4,,,Lite,3m,own_account,5768.0,True,False,,True,,True,True,False,False,,
plati,5619379,https://plati.market/itm/5619379,"Купить Апгрейд Z.AI Lite/Pro/Max: GLM 5.2, 1–12 месяца | БЫСТРО, ПОЛНАЯ ГАРАНТИЯ",Аккаунт Z.ai GLM Coding Lite - 3 Месяца (Случайный Email),Аккаунт Z.ai GLM Coding Lite - 3 Месяца (Случайный Email),label,5,,,Lite,3m,new_account,6270.0,True,False,,True,,True,True,False,False,,
plati,5619379,https://plati.market/itm/5619379,"Купить Апгрейд Z.AI Lite/Pro/Max: GLM 5.2, 1–12 месяца | БЫСТРО, ПОЛНАЯ ГАРАНТИЯ",Апгрейд/Продление: Z.ai GLM Coding Lite - 1 Год (Требуется Вход),Апгрейд/Продление: Z.ai GLM Coding Lite - 1 Год (Требуется Вход),label,6,,,Lite,12m,own_account,21650.0,True,False,,True,,True,True,False,False,,
plati,5619379,https://plati.market/itm/5619379,"Купить Апгрейд Z.AI Lite/Pro/Max: GLM 5.2, 1–12 месяца | БЫСТРО, ПОЛНАЯ ГАРАНТИЯ",Аккаунт Z.ai GLM Coding Lite - 1 Год (Случайный Email),Аккаунт Z.ai GLM Coding Lite - 1 Год (Случайный Email),label,7,,,Lite,12m,new_account,22486.0,True,False,,True,,True,True,False,False,,
plati,5619379,https://plati.market/itm/5619379,"Купить Апгрейд Z.AI Lite/Pro/Max: GLM 5.2, 1–12 месяца | БЫСТРО, ПОЛНАЯ ГАРАНТИЯ",Апгрейд/Продление: Z.ai GLM Coding Pro - 1 Месяц (Требуется Вход),Апгрейд/Продление: Z.ai GLM Coding Pro - 1 Месяц (Требуется Вход),label,8,,,Pro,1m,own_account,9947.0,True,False,,True,,True,True,False,False,,
plati,5619379,https://plati.market/itm/5619379,"Купить Апгрейд Z.AI Lite/Pro/Max: GLM 5.2, 1–12 месяца | БЫСТРО, ПОЛНАЯ ГАРАНТИЯ",Аккаунт Z.ai GLM Coding Pro - 1 Месяц (Случайный Email),Аккаунт Z.ai GLM Coding Pro - 1 Месяц (Случайный Email),label,9,,,Pro,1m,new_account,10783.0,True,False,,True,,True,True,False,False,,
plati,5619379,https://plati.market/itm/5619379,"Купить Апгрейд Z.AI Lite/Pro/Max: GLM 5.2, 1–12 месяца | БЫСТРО, ПОЛНАЯ ГАРАНТИЯ",Апгрейд/Продление: Z.ai GLM Coding Pro - 3 Месяца (Требуется Вход),Апгрейд/Продление: Z.ai GLM Coding Pro - 3 Месяца (Требуется Вход),label,10,,,Pro,3m,own_account,22486.0,True,False,,True,,True,True,False,False,,
plati,5619379,https://plati.market/itm/5619379,"Купить Апгрейд Z.AI Lite/Pro/Max: GLM 5.2, 1–12 месяца | БЫСТРО, ПОЛНАЯ ГАРАНТИЯ",Аккаунт Z.ai GLM Coding Pro - 3 Месяца (Случайный Email),Аккаунт Z.ai GLM Coding Pro - 3 Месяца (Случайный Email),label,11,,,Pro,3m,new_account,23322.0,True,False,,True,,True,True,False,False,,
plati,5619379,https://plati.market/itm/5619379,"Купить Апгрейд Z.AI Lite/Pro/Max: GLM 5.2, 1–12 месяца | БЫСТРО, ПОЛНАЯ ГАРАНТИЯ",Апгрейд/Продление: Z.ai GLM Coding Pro - 1 Год (Требуется Вход),Апгрейд/Продление: Z.ai GLM Coding Pro - 1 Год (Требуется Вход),label,12,,,Pro,12m,own_account,80162.0,True,False,,True,,True,True,False,False,,
plati,5619379,https://plati.market/itm/5619379,"Купить Апгрейд Z.AI Lite/Pro/Max: GLM 5.2, 1–12 месяца | БЫСТРО, ПОЛНАЯ ГАРАНТИЯ",Аккаунт Z.ai GLM Coding Pro - 1 Год (Случайный Email),Аккаунт Z.ai GLM Coding Pro - 1 Год (Случайный Email),label,13,,,Pro,12m,new_account,80997.0,True,False,,True,,True,True,False,False,,
plati,5619379,https://plati.market/itm/5619379,"Купить Апгрейд Z.AI Lite/Pro/Max: GLM 5.2, 1–12 месяца | БЫСТРО, ПОЛНАЯ ГАРАНТИЯ",Апгрейд/Продление: Z.ai GLM Coding Max - 1 Месяц (Требуется Вход),Апгрейд/Продление: Z.ai GLM Coding Max - 1 Месяц (Требуется Вход),label,14,,,Max,1m,own_account,19978.0,True,False,,True,,True,True,False,False,,
plati,5619379,https://plati.market/itm/5619379,"Купить Апгрейд Z.AI Lite/Pro/Max: GLM 5.2, 1–12 месяца | БЫСТРО, ПОЛНАЯ ГАРАНТИЯ",Аккаунт Z.ai GLM Coding Max - 1 Месяц (Случайный Email),Аккаунт Z.ai GLM Coding Max - 1 Месяц (Случайный Email),label,15,,,Max,1m,new_account,20814.0,True,False,,True,,True,True,False,False,,
plati,5619379,https://plati.market/itm/5619379,"Купить Апгрейд Z.AI Lite/Pro/Max: GLM 5.2, 1–12 месяца | БЫСТРО, ПОЛНАЯ ГАРАНТИЯ",Апгрейд/Продление: Z.ai GLM Coding Max - 3 Месяца (Требуется Вход),Апгрейд/Продление: Z.ai GLM Coding Max - 3 Месяца (Требуется Вход),label,16,,,Max,3m,own_account,50070.0,True,False,,True,,True,True,False,False,,
plati,5619379,https://plati.market/itm/5619379,"Купить Апгрейд Z.AI Lite/Pro/Max: GLM 5.2, 1–12 месяца | БЫСТРО, ПОЛНАЯ ГАРАНТИЯ",Аккаунт Z.ai GLM Coding Max - 3 Месяца (Случайный Email),Аккаунт Z.ai GLM Coding Max - 3 Месяца (Случайный Email),label,17,,,Max,3m,new_account,50906.0,True,False,,True,,True,True,False,False,,
plati,5619379,https://plati.market/itm/5619379,"Купить Апгрейд Z.AI Lite/Pro/Max: GLM 5.2, 1–12 месяца | БЫСТРО, ПОЛНАЯ ГАРАНТИЯ",Апгрейд/Продление: Z.ai GLM Coding Max - 1 Год (Требуется Вход),Апгрейд/Продление: Z.ai GLM Coding Max - 1 Год (Требуется Вход),label,18,,,Max,12m,own_account,167093.0,True,False,,True,,True,True,False,False,,
plati,5619379,https://plati.market/itm/5619379,"Купить Апгрейд Z.AI Lite/Pro/Max: GLM 5.2, 1–12 месяца | БЫСТРО, ПОЛНАЯ ГАРАНТИЯ",Аккаунт Z.ai GLM Coding Max - 1 Год (Случайный Email),Аккаунт Z.ai GLM Coding Max - 1 Год (Случайный Email),label,19,,,Max,12m,new_account,167093.0,True,False,,True,,False,True,False,False,,
ggsel,z-ai-glm-lite-pro-max-coding-plan-glm-5-2-licnaia-podpiska-polnaia-102610634,https://ggsel.net/catalog/product/z-ai-glm-lite-pro-max-coding-plan-glm-5-2-licnaia-podpiska-polnaia-102610634,Купить Z.ai GLM Lite / Pro / Max | GLM-5.2 Coding | Instant Activation | Private | Full Warrant,Z.ai GLM Coding Lite | 3 месяца,Z.ai GLM Coding Lite | 3 месяца,button,10,,,Lite,3m,unknown,5499.0,True,False,,True,,True,True,True,False,,
ggsel,z-ai-glm-lite-pro-max-coding-plan-glm-5-2-licnaia-podpiska-polnaia-102610634,https://ggsel.net/catalog/product/z-ai-glm-lite-pro-max-coding-plan-glm-5-2-licnaia-podpiska-polnaia-102610634,Купить Z.ai GLM Lite / Pro / Max | GLM-5.2 Coding | Instant Activation | Private | Full Warrant,Z.ai GLM Coding Lite | 1 год,Z.ai GLM Coding Lite | 1 год,button,11,,,Lite,12m,unknown,19199.0,True,False,,True,,True,True,True,False,,
ggsel,z-ai-glm-lite-pro-max-coding-plan-glm-5-2-licnaia-podpiska-polnaia-102610634,https://ggsel.net/catalog/product/z-ai-glm-lite-pro-max-coding-plan-glm-5-2-licnaia-podpiska-polnaia-102610634,Купить Z.ai GLM Lite / Pro / Max | GLM-5.2 Coding | Instant Activation | Private | Full Warrant,Z.ai GLM Coding Pro | 1 месяц,Z.ai GLM Coding Pro | 1 месяц,button,12,,,Pro,1m,unknown,9899.0,True,False,,True,,True,True,True,False,,
ggsel,z-ai-glm-lite-pro-max-coding-plan-glm-5-2-licnaia-podpiska-polnaia-102610634,https://ggsel.net/catalog/product/z-ai-glm-lite-pro-max-coding-plan-glm-5-2-licnaia-podpiska-polnaia-102610634,Купить Z.ai GLM Lite / Pro / Max | GLM-5.2 Coding | Instant Activation | Private | Full Warrant,Z.ai GLM Coding Pro | 3 месяца,Z.ai GLM Coding Pro | 3 месяца,button,13,,,Pro,3m,unknown,22299.0,True,False,,True,,True,True,True,False,,
ggsel,z-ai-glm-lite-pro-max-coding-plan-glm-5-2-licnaia-podpiska-polnaia-102610634,https://ggsel.net/catalog/product/z-ai-glm-lite-pro-max-coding-plan-glm-5-2-licnaia-podpiska-polnaia-102610634,Купить Z.ai GLM Lite / Pro / Max | GLM-5.2 Coding | Instant Activation | Private | Full Warrant,Z.ai GLM Coding Pro | 1 год,Z.ai GLM Coding Pro | 1 год,button,14,,,Pro,12m,unknown,72999.0,True,False,,True,,True,True,True,False,,
ggsel,z-ai-glm-lite-pro-max-coding-plan-glm-5-2-licnaia-podpiska-polnaia-102610634,https://ggsel.net/catalog/product/z-ai-glm-lite-pro-max-coding-plan-glm-5-2-licnaia-podpiska-polnaia-102610634,Купить Z.ai GLM Lite / Pro / Max | GLM-5.2 Coding | Instant Activation | Private | Full Warrant,Z.ai GLM Coding Max | 1 месяц,Z.ai GLM Coding Max | 1 месяц,button,15,,,Max,1m,unknown,21799.0,True,False,,True,,True,True,True,False,,
ggsel,z-ai-glm-lite-pro-max-coding-plan-glm-5-2-licnaia-podpiska-polnaia-102610634,https://ggsel.net/catalog/product/z-ai-glm-lite-pro-max-coding-plan-glm-5-2-licnaia-podpiska-polnaia-102610634,Купить Z.ai GLM Lite / Pro / Max | GLM-5.2 Coding | Instant Activation | Private | Full Warrant,Z.ai GLM Coding Max | 3 месяца,Z.ai GLM Coding Max | 3 месяца,button,16,,,Max,3m,unknown,47799.0,True,False,,True,,True,True,True,False,,
ggsel,z-ai-glm-lite-pro-max-coding-plan-glm-5-2-licnaia-podpiska-polnaia-102610634,https://ggsel.net/catalog/product/z-ai-glm-lite-pro-max-coding-plan-glm-5-2-licnaia-podpiska-polnaia-102610634,Купить Z.ai GLM Lite / Pro / Max | GLM-5.2 Coding | Instant Activation | Private | Full Warrant,Z.ai GLM Coding Max | 1 год,Z.ai GLM Coding Max | 1 год,button,17,,,Max,12m,unknown,146399.0,True,False,,True,,True,True,True,False,,
ggsel,z-ai-glm-lite-pro-max-coding-plan-glm-5-2-licnaia-podpiska-polnaia-102610634,https://ggsel.net/catalog/product/z-ai-glm-lite-pro-max-coding-plan-glm-5-2-licnaia-podpiska-polnaia-102610634,Купить Z.ai GLM Lite / Pro / Max | GLM-5.2 Coding | Instant Activation | Private | Full Warrant,Z.ai GLM Coding Lite | 1 месяц,Z.ai GLM Coding Lite | 1 месяц,button,9,,,Lite,1m,unknown,2299.0,True,False,,True,,True,True,True,False,,
ggsel,z-ai-glm-lite-pro-max-coding-plan-1-3-12-mesiacev-personalnaia-podpiska-polnaia-102438864,https://ggsel.net/catalog/product/z-ai-glm-lite-pro-max-coding-plan-1-3-12-mesiacev-personalnaia-podpiska-polnaia-102438864,Купить Z.ai GLM Lite . Pro . Max | Coding Plan | 1-3-12 месяцев| Персональная Подписка | ПОЛНАЯ,Z.ai GLM Coding Lite | 3 месяца,Z.ai GLM Coding Lite | 3 месяца,button,10,,,Lite,3m,new_account,5899.0,True,False,,True,,True,True,True,False,,
ggsel,z-ai-glm-lite-pro-max-coding-plan-1-3-12-mesiacev-personalnaia-podpiska-polnaia-102438864,https://ggsel.net/catalog/product/z-ai-glm-lite-pro-max-coding-plan-1-3-12-mesiacev-personalnaia-podpiska-polnaia-102438864,Купить Z.ai GLM Lite . Pro . Max | Coding Plan | 1-3-12 месяцев| Персональная Подписка | ПОЛНАЯ,Z.ai GLM Coding Lite | 1 год,Z.ai GLM Coding Lite | 1 год,button,11,,,Lite,12m,new_account,21799.0,True,False,,True,,True,True,True,False,,
ggsel,z-ai-glm-lite-pro-max-coding-plan-1-3-12-mesiacev-personalnaia-podpiska-polnaia-102438864,https://ggsel.net/catalog/product/z-ai-glm-lite-pro-max-coding-plan-1-3-12-mesiacev-personalnaia-podpiska-polnaia-102438864,Купить Z.ai GLM Lite . Pro . Max | Coding Plan | 1-3-12 месяцев| Персональная Подписка | ПОЛНАЯ,Z.ai GLM Coding Pro | 1 месяц,Z.ai GLM Coding Pro | 1 месяц,button,12,,,Pro,1m,new_account,9899.0,True,False,,True,,True,True,True,False,,
ggsel,z-ai-glm-lite-pro-max-coding-plan-1-3-12-mesiacev-personalnaia-podpiska-polnaia-102438864,https://ggsel.net/catalog/product/z-ai-glm-lite-pro-max-coding-plan-1-3-12-mesiacev-personalnaia-podpiska-polnaia-102438864,Купить Z.ai GLM Lite . Pro . Max | Coding Plan | 1-3-12 месяцев| Персональная Подписка | ПОЛНАЯ,Z.ai GLM Coding Pro | 3 месяца,Z.ai GLM Coding Pro | 3 месяца,button,13,,,Pro,3m,new_account,22999.0,True,False,,True,,True,True,True,False,,
ggsel,z-ai-glm-lite-pro-max-coding-plan-1-3-12-mesiacev-personalnaia-podpiska-polnaia-102438864,https://ggsel.net/catalog/product/z-ai-glm-lite-pro-max-coding-plan-1-3-12-mesiacev-personalnaia-podpiska-polnaia-102438864,Купить Z.ai GLM Lite . Pro . Max | Coding Plan | 1-3-12 месяцев| Персональная Подписка | ПОЛНАЯ,Z.ai GLM Coding Pro | 1 год,Z.ai GLM Coding Pro | 1 год,button,14,,,Pro,12m,new_account,78999.0,True,False,,True,,True,True,True,False,,
ggsel,z-ai-glm-lite-pro-max-coding-plan-1-3-12-mesiacev-personalnaia-podpiska-polnaia-102438864,https://ggsel.net/catalog/product/z-ai-glm-lite-pro-max-coding-plan-1-3-12-mesiacev-personalnaia-podpiska-polnaia-102438864,Купить Z.ai GLM Lite . Pro . Max | Coding Plan | 1-3-12 месяцев| Персональная Подписка | ПОЛНАЯ,Z.ai GLM Coding Max | 1 месяц,Z.ai GLM Coding Max | 1 месяц,button,15,,,Max,1m,new_account,20399.0,True,False,,True,,True,True,True,False,,
ggsel,z-ai-glm-lite-pro-max-coding-plan-1-3-12-mesiacev-personalnaia-podpiska-polnaia-102438864,https://ggsel.net/catalog/product/z-ai-glm-lite-pro-max-coding-plan-1-3-12-mesiacev-personalnaia-podpiska-polnaia-102438864,Купить Z.ai GLM Lite . Pro . Max | Coding Plan | 1-3-12 месяцев| Персональная Подписка | ПОЛНАЯ,Z.ai GLM Coding Max | 3 месяца,Z.ai GLM Coding Max | 3 месяца,button,16,,,Max,3m,new_account,50499.0,True,False,,True,,True,True,True,False,,
ggsel,z-ai-glm-lite-pro-max-coding-plan-1-3-12-mesiacev-personalnaia-podpiska-polnaia-102438864,https://ggsel.net/catalog/product/z-ai-glm-lite-pro-max-coding-plan-1-3-12-mesiacev-personalnaia-podpiska-polnaia-102438864,Купить Z.ai GLM Lite . Pro . Max | Coding Plan | 1-3-12 месяцев| Персональная Подписка | ПОЛНАЯ,Z.ai GLM Coding Max | 1 год,Z.ai GLM Coding Max | 1 год,button,17,,,Max,12m,new_account,158499.0,True,False,,True,,True,True,True,False,,
ggsel,z-ai-glm-lite-pro-max-coding-plan-1-3-12-mesiacev-personalnaia-podpiska-polnaia-102438864,https://ggsel.net/catalog/product/z-ai-glm-lite-pro-max-coding-plan-1-3-12-mesiacev-personalnaia-podpiska-polnaia-102438864,Купить Z.ai GLM Lite . Pro . Max | Coding Plan | 1-3-12 месяцев| Персональная Подписка | ПОЛНАЯ,Z.ai GLM Coding Lite | 1 месяц,Z.ai GLM Coding Lite | 1 месяц,button,9,,,Lite,1m,new_account,2599.0,True,False,,True,,True,True,True,False,,
ggsel,z-ai-podpiska-glm-coding-lite-pro-max-1-3-12-mesiacev-102010339,https://ggsel.net/catalog/product/z-ai-podpiska-glm-coding-lite-pro-max-1-3-12-mesiacev-102010339,Купить Z.ai | Подписка GLM Coding Lite/Pro/Max 1-3-12 месяцев,Pro – 1 месяц | Первая регистрация (Лучшая цена),Pro – 1 месяц | Первая регистрация (Лучшая цена),button,12,,,Pro,1m,unknown,9550.0,True,False,,True,,True,True,True,False,,
ggsel,z-ai-podpiska-glm-coding-lite-pro-max-1-3-12-mesiacev-102010339,https://ggsel.net/catalog/product/z-ai-podpiska-glm-coding-lite-pro-max-1-3-12-mesiacev-102010339,Купить Z.ai | Подписка GLM Coding Lite/Pro/Max 1-3-12 месяцев,Max – 1 месяц | Первая регистрация (Лучшая цена),Max – 1 месяц | Первая регистрация (Лучшая цена),button,13,,,Max,1m,unknown,17050.0,True,False,,True,,True,True,True,False,,
ggsel,z-ai-podpiska-glm-coding-lite-pro-max-1-3-12-mesiacev-102010339,https://ggsel.net/catalog/product/z-ai-podpiska-glm-coding-lite-pro-max-1-3-12-mesiacev-102010339,Купить Z.ai | Подписка GLM Coding Lite/Pro/Max 1-3-12 месяцев,Lite – 3 месяца | Первая регистрация (Лучшая цена),Lite – 3 месяца | Первая регистрация (Лучшая цена),button,14,,,Lite,3m,unknown,5800.0,True,False,,True,,True,True,True,False,,
ggsel,z-ai-podpiska-glm-coding-lite-pro-max-1-3-12-mesiacev-102010339,https://ggsel.net/catalog/product/z-ai-podpiska-glm-coding-lite-pro-max-1-3-12-mesiacev-102010339,Купить Z.ai | Подписка GLM Coding Lite/Pro/Max 1-3-12 месяцев,Pro – 3 месяца | Первая регистрация (Лучшая цена),Pro – 3 месяца | Первая регистрация (Лучшая цена),button,15,,,Pro,3m,unknown,21200.0,True,False,,True,,True,True,True,False,,
ggsel,z-ai-podpiska-glm-coding-lite-pro-max-1-3-12-mesiacev-102010339,https://ggsel.net/catalog/product/z-ai-podpiska-glm-coding-lite-pro-max-1-3-12-mesiacev-102010339,Купить Z.ai | Подписка GLM Coding Lite/Pro/Max 1-3-12 месяцев,Max – 3 месяца | Первая регистрация (Лучшая цена),Max – 3 месяца | Первая регистрация (Лучшая цена),button,16,,,Max,3m,unknown,42200.0,True,False,,True,,True,True,True,False,,
ggsel,z-ai-podpiska-glm-coding-lite-pro-max-1-3-12-mesiacev-102010339,https://ggsel.net/catalog/product/z-ai-podpiska-glm-coding-lite-pro-max-1-3-12-mesiacev-102010339,Купить Z.ai | Подписка GLM Coding Lite/Pro/Max 1-3-12 месяцев,Lite – 12 месяца | Первая регистрация (Лучшая цена),Lite – 12 месяца | Первая регистрация (Лучшая цена),button,17,,,Lite,12m,unknown,19200.0,True,False,,True,,True,True,True,False,,
ggsel,z-ai-podpiska-glm-coding-lite-pro-max-1-3-12-mesiacev-102010339,https://ggsel.net/catalog/product/z-ai-podpiska-glm-coding-lite-pro-max-1-3-12-mesiacev-102010339,Купить Z.ai | Подписка GLM Coding Lite/Pro/Max 1-3-12 месяцев,Pro – 12 месяца | Первая регистрация (Лучшая цена),Pro – 12 месяца | Первая регистрация (Лучшая цена),button,18,,,Pro,12m,unknown,67700.0,True,False,,True,,True,True,True,False,,
ggsel,z-ai-podpiska-glm-coding-lite-pro-max-1-3-12-mesiacev-102010339,https://ggsel.net/catalog/product/z-ai-podpiska-glm-coding-lite-pro-max-1-3-12-mesiacev-102010339,Купить Z.ai | Подписка GLM Coding Lite/Pro/Max 1-3-12 месяцев,Max – 12 месяца | Первая регистрация (Лучшая цена),Max – 12 месяца | Первая регистрация (Лучшая цена),button,19,,,Max,12m,unknown,149900.0,True,False,,True,,True,True,True,False,,
ggsel,z-ai-podpiska-glm-coding-lite-pro-max-1-3-12-mesiacev-102010339,https://ggsel.net/catalog/product/z-ai-podpiska-glm-coding-lite-pro-max-1-3-12-mesiacev-102010339,Купить Z.ai | Подписка GLM Coding Lite/Pro/Max 1-3-12 месяцев,Lite – 1 месяц | Продлить подписку,Lite – 1 месяц | Продлить подписку,button,20,,,Lite,1m,unknown,2100.0,True,False,,True,,True,True,True,False,,
ggsel,z-ai-podpiska-glm-coding-lite-pro-max-1-3-12-mesiacev-102010339,https://ggsel.net/catalog/product/z-ai-podpiska-glm-coding-lite-pro-max-1-3-12-mesiacev-102010339,Купить Z.ai | Подписка GLM Coding Lite/Pro/Max 1-3-12 месяцев,Pro – 1 месяц | Продлить подписку,Pro – 1 месяц | Продлить подписку,button,21,,,Pro,1m,unknown,10550.0,True,False,,True,,True,True,True,False,,
ggsel,z-ai-podpiska-glm-coding-lite-pro-max-1-3-12-mesiacev-102010339,https://ggsel.net/catalog/product/z-ai-podpiska-glm-coding-lite-pro-max-1-3-12-mesiacev-102010339,Купить Z.ai | Подписка GLM Coding Lite/Pro/Max 1-3-12 месяцев,Max – 1 месяц | Продлить подписку,Max – 1 месяц | Продлить подписку,button,22,,,Max,1m,unknown,19550.0,True,False,,True,,True,True,True,False,,
ggsel,z-ai-podpiska-glm-coding-lite-pro-max-1-3-12-mesiacev-102010339,https://ggsel.net/catalog/product/z-ai-podpiska-glm-coding-lite-pro-max-1-3-12-mesiacev-102010339,Купить Z.ai | Подписка GLM Coding Lite/Pro/Max 1-3-12 месяцев,Lite – 3 месяц | Продлить подписку,Lite – 3 месяц | Продлить подписку,button,23,,,Lite,3m,unknown,6300.0,True,False,,True,,True,True,True,False,,
ggsel,z-ai-podpiska-glm-coding-lite-pro-max-1-3-12-mesiacev-102010339,https://ggsel.net/catalog/product/z-ai-podpiska-glm-coding-lite-pro-max-1-3-12-mesiacev-102010339,Купить Z.ai | Подписка GLM Coding Lite/Pro/Max 1-3-12 месяцев,Pro – 3 месяц | Продлить подписку,Pro – 3 месяц | Продлить подписку,button,24,,,Pro,3m,unknown,23800.0,True,False,,True,,True,True,True,False,,
ggsel,z-ai-podpiska-glm-coding-lite-pro-max-1-3-12-mesiacev-102010339,https://ggsel.net/catalog/product/z-ai-podpiska-glm-coding-lite-pro-max-1-3-12-mesiacev-102010339,Купить Z.ai | Подписка GLM Coding Lite/Pro/Max 1-3-12 месяцев,Max – 3 месяц | Продлить подписку,Max – 3 месяц | Продлить подписку,button,25,,,Max,3m,unknown,46800.0,True,False,,True,,True,True,True,False,,
ggsel,z-ai-podpiska-glm-coding-lite-pro-max-1-3-12-mesiacev-102010339,https://ggsel.net/catalog/product/z-ai-podpiska-glm-coding-lite-pro-max-1-3-12-mesiacev-102010339,Купить Z.ai | Подписка GLM Coding Lite/Pro/Max 1-3-12 месяцев,Lite – 1 месяц | Первая регистрация (Лучшая цена),Lite – 1 месяц | Первая регистрация (Лучшая цена),button,11,,,Lite,1m,unknown,1800.0,True,False,,True,,True,True,True,False,,
ggsel,z-ai-z-ai-glm-coding-lite-pro-max-1-month-super-fast-zai-102358846,https://ggsel.net/catalog/product/z-ai-z-ai-glm-coding-lite-pro-max-1-month-super-fast-zai-102358846,Купить Z AI | Z.AI | GLM CODING Lite/Pro/Max | 1 MONTH | SUPER FAST | ZAI,Pro 1 Month,Pro 1 Month,button,10,,,Pro,1m,unknown,9000.0,True,False,,True,,True,True,True,False,,
ggsel,z-ai-z-ai-glm-coding-lite-pro-max-1-month-super-fast-zai-102358846,https://ggsel.net/catalog/product/z-ai-z-ai-glm-coding-lite-pro-max-1-month-super-fast-zai-102358846,Купить Z AI | Z.AI | GLM CODING Lite/Pro/Max | 1 MONTH | SUPER FAST | ZAI,Max 1 Month,Max 1 Month,button,11,,,Max,1m,unknown,18000.0,True,False,,True,,True,True,True,False,,
ggsel,z-ai-z-ai-glm-coding-lite-pro-max-1-month-super-fast-zai-102358846,https://ggsel.net/catalog/product/z-ai-z-ai-glm-coding-lite-pro-max-1-month-super-fast-zai-102358846,Купить Z AI | Z.AI | GLM CODING Lite/Pro/Max | 1 MONTH | SUPER FAST | ZAI,Pro 3 Month,Pro 3 Month,button,12,,,Pro,3m,unknown,19000.0,True,False,,True,,True,True,True,False,,
ggsel,z-ai-z-ai-glm-coding-lite-pro-max-1-month-super-fast-zai-102358846,https://ggsel.net/catalog/product/z-ai-z-ai-glm-coding-lite-pro-max-1-month-super-fast-zai-102358846,Купить Z AI | Z.AI | GLM CODING Lite/Pro/Max | 1 MONTH | SUPER FAST | ZAI,Max 3 Month,Max 3 Month,button,13,,,Max,3m,unknown,42000.0,True,False,,True,,True,True,True,False,,
ggsel,z-ai-z-ai-glm-coding-lite-pro-max-1-month-super-fast-zai-102358846,https://ggsel.net/catalog/product/z-ai-z-ai-glm-coding-lite-pro-max-1-month-super-fast-zai-102358846,Купить Z AI | Z.AI | GLM CODING Lite/Pro/Max | 1 MONTH | SUPER FAST | ZAI,Lite 1 Month,Lite 1 Month,button,9,,,Lite,1m,unknown,4000.0,True,False,,True,,True,True,True,False,,
ggsel,apgreid-z-ai-lite-pro-max-glm-5-2-1-12-mesiaca-f-a-s-t-full-warranty-102109731,https://ggsel.net/catalog/product/apgreid-z-ai-lite-pro-max-glm-5-2-1-12-mesiaca-f-a-s-t-full-warranty-102109731,"Купить Апгрейд Z.AI Lite/Pro/Max: GLM 5.2, 1–12 месяца | F.A.S.T, FULL WARRANTY",Аккаунт Z.ai GLM Coding Lite - 1 Месяц (Случайный Email),Аккаунт Z.ai GLM Coding Lite - 1 Месяц (Случайный Email),button,10,,,Lite,1m,new_account,2399.0,True,False,,True,,True,True,True,False,,
ggsel,apgreid-z-ai-lite-pro-max-glm-5-2-1-12-mesiaca-f-a-s-t-full-warranty-102109731,https://ggsel.net/catalog/product/apgreid-z-ai-lite-pro-max-glm-5-2-1-12-mesiaca-f-a-s-t-full-warranty-102109731,"Купить Апгрейд Z.AI Lite/Pro/Max: GLM 5.2, 1–12 месяца | F.A.S.T, FULL WARRANTY",Апгрейд/Продление: Z.ai GLM Coding Lite - 3 Месяца (Требуется Вход),Апгрейд/Продление: Z.ai GLM Coding Lite - 3 Месяца (Требуется Вход),button,11,,,Lite,3m,own_account,5299.0,True,False,,True,,True,True,True,False,,
ggsel,apgreid-z-ai-lite-pro-max-glm-5-2-1-12-mesiaca-f-a-s-t-full-warranty-102109731,https://ggsel.net/catalog/product/apgreid-z-ai-lite-pro-max-glm-5-2-1-12-mesiaca-f-a-s-t-full-warranty-102109731,"Купить Апгрейд Z.AI Lite/Pro/Max: GLM 5.2, 1–12 месяца | F.A.S.T, FULL WARRANTY",Аккаунт Z.ai GLM Coding Lite - 3 Месяца (Случайный Email),Аккаунт Z.ai GLM Coding Lite - 3 Месяца (Случайный Email),button,12,,,Lite,3m,new_account,5799.0,True,False,,True,,True,True,True,False,,
ggsel,apgreid-z-ai-lite-pro-max-glm-5-2-1-12-mesiaca-f-a-s-t-full-warranty-102109731,https://ggsel.net/catalog/product/apgreid-z-ai-lite-pro-max-glm-5-2-1-12-mesiaca-f-a-s-t-full-warranty-102109731,"Купить Апгрейд Z.AI Lite/Pro/Max: GLM 5.2, 1–12 месяца | F.A.S.T, FULL WARRANTY",Апгрейд/Продление: Z.ai GLM Coding Lite - 1 Год (Требуется Вход),Апгрейд/Продление: Z.ai GLM Coding Lite - 1 Год (Требуется Вход),button,13,,,Lite,12m,own_account,19899.0,True,False,,True,,True,True,True,False,,
ggsel,apgreid-z-ai-lite-pro-max-glm-5-2-1-12-mesiaca-f-a-s-t-full-warranty-102109731,https://ggsel.net/catalog/product/apgreid-z-ai-lite-pro-max-glm-5-2-1-12-mesiaca-f-a-s-t-full-warranty-102109731,"Купить Апгрейд Z.AI Lite/Pro/Max: GLM 5.2, 1–12 месяца | F.A.S.T, FULL WARRANTY",Аккаунт Z.ai GLM Coding Lite - 1 Год (Случайный Email),Аккаунт Z.ai GLM Coding Lite - 1 Год (Случайный Email),button,14,,,Lite,12m,new_account,20699.0,True,False,,True,,True,True,True,False,,
ggsel,apgreid-z-ai-lite-pro-max-glm-5-2-1-12-mesiaca-f-a-s-t-full-warranty-102109731,https://ggsel.net/catalog/product/apgreid-z-ai-lite-pro-max-glm-5-2-1-12-mesiaca-f-a-s-t-full-warranty-102109731,"Купить Апгрейд Z.AI Lite/Pro/Max: GLM 5.2, 1–12 месяца | F.A.S.T, FULL WARRANTY",Апгрейд/Продление: Z.ai GLM Coding Pro - 1 Месяц (Требуется Вход),Апгрейд/Продление: Z.ai GLM Coding Pro - 1 Месяц (Требуется Вход),button,15,,,Pro,1m,own_account,9199.0,True,False,,True,,True,True,True,False,,
ggsel,apgreid-z-ai-lite-pro-max-glm-5-2-1-12-mesiaca-f-a-s-t-full-warranty-102109731,https://ggsel.net/catalog/product/apgreid-z-ai-lite-pro-max-glm-5-2-1-12-mesiaca-f-a-s-t-full-warranty-102109731,"Купить Апгрейд Z.AI Lite/Pro/Max: GLM 5.2, 1–12 месяца | F.A.S.T, FULL WARRANTY",Аккаунт Z.ai GLM Coding Pro - 1 Месяц (Случайный Email),Аккаунт Z.ai GLM Coding Pro - 1 Месяц (Случайный Email),button,16,,,Pro,1m,new_account,9899.0,True,False,,True,,True,True,True,False,,
ggsel,apgreid-z-ai-lite-pro-max-glm-5-2-1-12-mesiaca-f-a-s-t-full-warranty-102109731,https://ggsel.net/catalog/product/apgreid-z-ai-lite-pro-max-glm-5-2-1-12-mesiaca-f-a-s-t-full-warranty-102109731,"Купить Апгрейд Z.AI Lite/Pro/Max: GLM 5.2, 1–12 месяца | F.A.S.T, FULL WARRANTY",Апгрейд/Продление: Z.ai GLM Coding Pro - 3 Месяца (Требуется Вход),Апгрейд/Продление: Z.ai GLM Coding Pro - 3 Месяца (Требуется Вход),button,17,,,Pro,3m,own_account,20699.0,True,False,,True,,True,True,True,False,,
ggsel,apgreid-z-ai-lite-pro-max-glm-5-2-1-12-mesiaca-f-a-s-t-full-warranty-102109731,https://ggsel.net/catalog/product/apgreid-z-ai-lite-pro-max-glm-5-2-1-12-mesiaca-f-a-s-t-full-warranty-102109731,"Купить Апгрейд Z.AI Lite/Pro/Max: GLM 5.2, 1–12 месяца | F.A.S.T, FULL WARRANTY",Аккаунт Z.ai GLM Coding Pro - 3 Месяца (Случайный Email),Аккаунт Z.ai GLM Coding Pro - 3 Месяца (Случайный Email),button,18,,,Pro,3m,new_account,21399.0,True,False,,True,,True,True,True,False,,
ggsel,apgreid-z-ai-lite-pro-max-glm-5-2-1-12-mesiaca-f-a-s-t-full-warranty-102109731,https://ggsel.net/catalog/product/apgreid-z-ai-lite-pro-max-glm-5-2-1-12-mesiaca-f-a-s-t-full-warranty-102109731,"Купить Апгрейд Z.AI Lite/Pro/Max: GLM 5.2, 1–12 месяца | F.A.S.T, FULL WARRANTY",Апгрейд/Продление: Z.ai GLM Coding Pro - 1 Год (Требуется Вход),Апгрейд/Продление: Z.ai GLM Coding Pro - 1 Год (Требуется Вход),button,19,,,Pro,12m,own_account,73499.0,True,False,,True,,True,True,True,False,,
ggsel,apgreid-z-ai-lite-pro-max-glm-5-2-1-12-mesiaca-f-a-s-t-full-warranty-102109731,https://ggsel.net/catalog/product/apgreid-z-ai-lite-pro-max-glm-5-2-1-12-mesiaca-f-a-s-t-full-warranty-102109731,"Купить Апгрейд Z.AI Lite/Pro/Max: GLM 5.2, 1–12 месяца | F.A.S.T, FULL WARRANTY",Аккаунт Z.ai GLM Coding Pro - 1 Год (Случайный Email),Аккаунт Z.ai GLM Coding Pro - 1 Год (Случайный Email),button,20,,,Pro,12m,new_account,74299.0,True,False,,True,,True,True,True,False,,
ggsel,apgreid-z-ai-lite-pro-max-glm-5-2-1-12-mesiaca-f-a-s-t-full-warranty-102109731,https://ggsel.net/catalog/product/apgreid-z-ai-lite-pro-max-glm-5-2-1-12-mesiaca-f-a-s-t-full-warranty-102109731,"Купить Апгрейд Z.AI Lite/Pro/Max: GLM 5.2, 1–12 месяца | F.A.S.T, FULL WARRANTY",Апгрейд/Продление: Z.ai GLM Coding Max - 1 Месяц (Требуется Вход),Апгрейд/Продление: Z.ai GLM Coding Max - 1 Месяц (Требуется Вход),button,21,,,Max,1m,own_account,18399.0,True,False,,True,,True,True,True,False,,
ggsel,apgreid-z-ai-lite-pro-max-glm-5-2-1-12-mesiaca-f-a-s-t-full-warranty-102109731,https://ggsel.net/catalog/product/apgreid-z-ai-lite-pro-max-glm-5-2-1-12-mesiaca-f-a-s-t-full-warranty-102109731,"Купить Апгрейд Z.AI Lite/Pro/Max: GLM 5.2, 1–12 месяца | F.A.S.T, FULL WARRANTY",Аккаунт Z.ai GLM Coding Max - 1 Месяц (Случайный Email),Аккаунт Z.ai GLM Coding Max - 1 Месяц (Случайный Email),button,22,,,Max,1m,new_account,19099.0,True,False,,True,,True,True,True,False,,
ggsel,apgreid-z-ai-lite-pro-max-glm-5-2-1-12-mesiaca-f-a-s-t-full-warranty-102109731,https://ggsel.net/catalog/product/apgreid-z-ai-lite-pro-max-glm-5-2-1-12-mesiaca-f-a-s-t-full-warranty-102109731,"Купить Апгрейд Z.AI Lite/Pro/Max: GLM 5.2, 1–12 месяца | F.A.S.T, FULL WARRANTY",Апгрейд/Продление: Z.ai GLM Coding Max - 3 Месяца (Требуется Вход),Апгрейд/Продление: Z.ai GLM Coding Max - 3 Месяца (Требуется Вход),button,23,,,Max,3m,own_account,45899.0,True,False,,True,,True,True,True,False,,
ggsel,apgreid-z-ai-lite-pro-max-glm-5-2-1-12-mesiaca-f-a-s-t-full-warranty-102109731,https://ggsel.net/catalog/product/apgreid-z-ai-lite-pro-max-glm-5-2-1-12-mesiaca-f-a-s-t-full-warranty-102109731,"Купить Апгрейд Z.AI Lite/Pro/Max: GLM 5.2, 1–12 месяца | F.A.S.T, FULL WARRANTY",Аккаунт Z.ai GLM Coding Max - 3 Месяца (Случайный Email),Аккаунт Z.ai GLM Coding Max - 3 Месяца (Случайный Email),button,24,,,Max,3m,new_account,47499.0,True,False,,True,,True,True,True,False,,
ggsel,apgreid-z-ai-lite-pro-max-glm-5-2-1-12-mesiaca-f-a-s-t-full-warranty-102109731,https://ggsel.net/catalog/product/apgreid-z-ai-lite-pro-max-glm-5-2-1-12-mesiaca-f-a-s-t-full-warranty-102109731,"Купить Апгрейд Z.AI Lite/Pro/Max: GLM 5.2, 1–12 месяца | F.A.S.T, FULL WARRANTY",Апгрейд/Продление: Z.ai GLM Coding Lite - 1 Месяц (Требуется Вход),Апгрейд/Продление: Z.ai GLM Coding Lite - 1 Месяц (Требуется Вход),button,9,,,Lite,1m,own_account,2299.0,True,False,,True,,True,True,True,False,,
ggsel,z-ai-z-ai-podpiska-glm-coding-lite-pro-max-na-1-mesiac-102185754,https://ggsel.net/catalog/product/z-ai-z-ai-podpiska-glm-coding-lite-pro-max-na-1-mesiac-102185754,Купить ПОДПИСКА на план Recraft.AI PRO — 1 МЕСЯЦ,PRO - 4000 кредитов,PRO - 4000 кредитов,button,10,,,Pro,1m,unknown,4539.0,True,False,,True,,True,True,True,False,,
ggsel,z-ai-z-ai-podpiska-glm-coding-lite-pro-max-na-1-mesiac-102185754,https://ggsel.net/catalog/product/z-ai-z-ai-podpiska-glm-coding-lite-pro-max-na-1-mesiac-102185754,Купить ПОДПИСКА на план Recraft.AI PRO — 1 МЕСЯЦ,PRO - 2000 кредитов,PRO - 2000 кредитов,button,9,,,Pro,1m,unknown,1920.0,True,False,,True,,True,True,True,False,,
ggsel,z-ai-glm-lite-pro-max-coding-plan-glm-5-2-personalnaia-podpiska-polnaia-102495696,https://ggsel.net/catalog/product/z-ai-glm-lite-pro-max-coding-plan-glm-5-2-personalnaia-podpiska-polnaia-102495696,Купить Z.ai GLM Lite / Pro / Max | Coding Plan (GLM-5.2) | Персональная Подписка | ПОЛНАЯ,Z.ai GLM Coding Lite | 3 месяца,Z.ai GLM Coding Lite | 3 месяца,button,10,,,Lite,3m,new_account,4890.0,True,False,,True,,True,True,True,True,4890,
ggsel,z-ai-glm-lite-pro-max-coding-plan-glm-5-2-personalnaia-podpiska-polnaia-102495696,https://ggsel.net/catalog/product/z-ai-glm-lite-pro-max-coding-plan-glm-5-2-personalnaia-podpiska-polnaia-102495696,Купить Z.ai GLM Lite / Pro / Max | Coding Plan (GLM-5.2) | Персональная Подписка | ПОЛНАЯ,Z.ai GLM Coding Lite | 1 год,Z.ai GLM Coding Lite | 1 год,button,11,,,Lite,12m,new_account,18690.0,True,False,,True,,True,True,True,False,,
ggsel,z-ai-glm-lite-pro-max-coding-plan-glm-5-2-personalnaia-podpiska-polnaia-102495696,https://ggsel.net/catalog/product/z-ai-glm-lite-pro-max-coding-plan-glm-5-2-personalnaia-podpiska-polnaia-102495696,Купить Z.ai GLM Lite / Pro / Max | Coding Plan (GLM-5.2) | Персональная Подписка | ПОЛНАЯ,Z.ai GLM Coding Pro | 1 месяц,Z.ai GLM Coding Pro | 1 месяц,button,12,,,Pro,1m,new_account,8590.0,True,False,,True,,True,True,True,False,,
ggsel,z-ai-glm-lite-pro-max-coding-plan-glm-5-2-personalnaia-podpiska-polnaia-102495696,https://ggsel.net/catalog/product/z-ai-glm-lite-pro-max-coding-plan-glm-5-2-personalnaia-podpiska-polnaia-102495696,Купить Z.ai GLM Lite / Pro / Max | Coding Plan (GLM-5.2) | Персональная Подписка | ПОЛНАЯ,Z.ai GLM Coding Pro | 3 месяца,Z.ai GLM Coding Pro | 3 месяца,button,13,,,Pro,3m,new_account,19490.0,True,False,,True,,True,True,True,False,,
ggsel,z-ai-glm-lite-pro-max-coding-plan-glm-5-2-personalnaia-podpiska-polnaia-102495696,https://ggsel.net/catalog/product/z-ai-glm-lite-pro-max-coding-plan-glm-5-2-personalnaia-podpiska-polnaia-102495696,Купить Z.ai GLM Lite / Pro / Max | Coding Plan (GLM-5.2) | Персональная Подписка | ПОЛНАЯ,Z.ai GLM Coding Pro | 1 год,Z.ai GLM Coding Pro | 1 год,button,14,,,Pro,12m,new_account,69690.0,True,False,,True,,True,True,True,False,,
ggsel,z-ai-glm-lite-pro-max-coding-plan-glm-5-2-personalnaia-podpiska-polnaia-102495696,https://ggsel.net/catalog/product/z-ai-glm-lite-pro-max-coding-plan-glm-5-2-personalnaia-podpiska-polnaia-102495696,Купить Z.ai GLM Lite / Pro / Max | Coding Plan (GLM-5.2) | Персональная Подписка | ПОЛНАЯ,Z.ai GLM Coding Max | 1 месяц,Z.ai GLM Coding Max | 1 месяц,button,15,,,Max,1m,new_account,20490.0,True,False,,True,,True,True,True,False,,
ggsel,z-ai-glm-lite-pro-max-coding-plan-glm-5-2-personalnaia-podpiska-polnaia-102495696,https://ggsel.net/catalog/product/z-ai-glm-lite-pro-max-coding-plan-glm-5-2-personalnaia-podpiska-polnaia-102495696,Купить Z.ai GLM Lite / Pro / Max | Coding Plan (GLM-5.2) | Персональная Подписка | ПОЛНАЯ,Z.ai GLM Coding Max | 3 месяца,Z.ai GLM Coding Max | 3 месяца,button,16,,,Max,3m,new_account,43490.0,True,False,,True,,True,True,True,True,43490,
ggsel,z-ai-glm-lite-pro-max-coding-plan-glm-5-2-personalnaia-podpiska-polnaia-102495696,https://ggsel.net/catalog/product/z-ai-glm-lite-pro-max-coding-plan-glm-5-2-personalnaia-podpiska-polnaia-102495696,Купить Z.ai GLM Lite / Pro / Max | Coding Plan (GLM-5.2) | Персональная Подписка | ПОЛНАЯ,Z.ai GLM Coding Max | 1 год,Z.ai GLM Coding Max | 1 год,button,17,,,Max,12m,new_account,146090.0,True,False,,True,,True,True,True,False,,
ggsel,z-ai-glm-lite-pro-max-coding-plan-glm-5-2-personalnaia-podpiska-polnaia-102495696,https://ggsel.net/catalog/product/z-ai-glm-lite-pro-max-coding-plan-glm-5-2-personalnaia-podpiska-polnaia-102495696,Купить Z.ai GLM Lite / Pro / Max | Coding Plan (GLM-5.2) | Персональная Подписка | ПОЛНАЯ,Z.ai GLM Coding Lite | 1 месяц,Z.ai GLM Coding Lite | 1 месяц,button,9,,,Lite,1m,new_account,1990.0,True,False,,True,,True,True,True,False,,
ggsel,upgrade-z-ai-glm-5-1-12m-f-a-s-t-full-warranty-102483517,https://ggsel.net/catalog/product/upgrade-z-ai-glm-5-1-12m-f-a-s-t-full-warranty-102483517,"Купить Z.AI GLM 5 Coding 1-12M | FAST, FULL WARRANTY",Z.ai GLM Coding Lite — 3 месяца,Z.ai GLM Coding Lite — 3 месяца,button,9,,,Lite,3m,own_account,5040.0,True,False,,True,,True,True,True,False,,
ggsel,upgrade-z-ai-glm-5-1-12m-f-a-s-t-full-warranty-102483517,https://ggsel.net/catalog/product/upgrade-z-ai-glm-5-1-12m-f-a-s-t-full-warranty-102483517,"Купить Z.AI GLM 5 Coding 1-12M | FAST, FULL WARRANTY",Z.ai GLM Coding Lite — 1 год,Z.ai GLM Coding Lite — 1 год,button,10,,,Lite,12m,own_account,19140.0,True,False,,True,,True,True,True,False,,
ggsel,upgrade-z-ai-glm-5-1-12m-f-a-s-t-full-warranty-102483517,https://ggsel.net/catalog/product/upgrade-z-ai-glm-5-1-12m-f-a-s-t-full-warranty-102483517,"Купить Z.AI GLM 5 Coding 1-12M | FAST, FULL WARRANTY",Z.ai GLM Coding Pro — 1 месяц,Z.ai GLM Coding Pro — 1 месяц,button,11,,,Pro,1m,own_account,7940.0,True,False,,True,,True,True,True,False,,
ggsel,upgrade-z-ai-glm-5-1-12m-f-a-s-t-full-warranty-102483517,https://ggsel.net/catalog/product/upgrade-z-ai-glm-5-1-12m-f-a-s-t-full-warranty-102483517,"Купить Z.AI GLM 5 Coding 1-12M | FAST, FULL WARRANTY",Z.ai GLM Coding Pro — 3 месяца,Z.ai GLM Coding Pro — 3 месяца,button,12,,,Pro,3m,own_account,70420.0,True,False,,True,,True,True,True,False,,
ggsel,upgrade-z-ai-glm-5-1-12m-f-a-s-t-full-warranty-102483517,https://ggsel.net/catalog/product/upgrade-z-ai-glm-5-1-12m-f-a-s-t-full-warranty-102483517,"Купить Z.AI GLM 5 Coding 1-12M | FAST, FULL WARRANTY",Z.ai GLM Coding Pro — 1 год,Z.ai GLM Coding Pro — 1 год,button,13,,,Pro,12m,own_account,21040.0,True,False,,True,,True,True,True,False,,
ggsel,upgrade-z-ai-glm-5-1-12m-f-a-s-t-full-warranty-102483517,https://ggsel.net/catalog/product/upgrade-z-ai-glm-5-1-12m-f-a-s-t-full-warranty-102483517,"Купить Z.AI GLM 5 Coding 1-12M | FAST, FULL WARRANTY",Z.ai GLM Coding Max на 1 месяц,Z.ai GLM Coding Max на 1 месяц,button,14,,,Max,1m,own_account,17440.0,True,False,,True,,True,True,True,False,,
ggsel,upgrade-z-ai-glm-5-1-12m-f-a-s-t-full-warranty-102483517,https://ggsel.net/catalog/product/upgrade-z-ai-glm-5-1-12m-f-a-s-t-full-warranty-102483517,"Купить Z.AI GLM 5 Coding 1-12M | FAST, FULL WARRANTY",Z.ai GLM Coding Lite — 1 месяц,Z.ai GLM Coding Lite — 1 месяц,button,8,,,Lite,1m,own_account,2050.0,True,False,,True,,True,True,True,False,,
ggsel,z-ai-z-ai-podpiska-glm-coding-lite-pro-na-1-3-12-mesiacev-102234852,https://ggsel.net/catalog/product/z-ai-z-ai-podpiska-glm-coding-lite-pro-na-1-3-12-mesiacev-102234852,Купить Z AI | Z.ai | Подписка GLM 5.3 Coding Lite/Pro на 1/3/12 месяцев,Pro 1 месяц,Pro 1 месяц,button,10,,,Pro,1m,own_account,7885.0,True,False,,True,,True,True,True,False,,
ggsel,z-ai-z-ai-podpiska-glm-coding-lite-pro-na-1-3-12-mesiacev-102234852,https://ggsel.net/catalog/product/z-ai-z-ai-podpiska-glm-coding-lite-pro-na-1-3-12-mesiacev-102234852,Купить Z AI | Z.ai | Подписка GLM 5.3 Coding Lite/Pro на 1/3/12 месяцев,Max 1 месяц,Max 1 месяц,button,11,,,Max,1m,own_account,16530.0,True,False,,True,,True,True,True,False,,
ggsel,z-ai-z-ai-podpiska-glm-coding-lite-pro-na-1-3-12-mesiacev-102234852,https://ggsel.net/catalog/product/z-ai-z-ai-podpiska-glm-coding-lite-pro-na-1-3-12-mesiacev-102234852,Купить Z AI | Z.ai | Подписка GLM 5.3 Coding Lite/Pro на 1/3/12 месяцев,Lite 3 месяц,Lite 3 месяц,button,12,,,Lite,3m,own_account,4908.0,True,False,,True,,True,True,True,False,,
ggsel,z-ai-z-ai-podpiska-glm-coding-lite-pro-na-1-3-12-mesiacev-102234852,https://ggsel.net/catalog/product/z-ai-z-ai-podpiska-glm-coding-lite-pro-na-1-3-12-mesiacev-102234852,Купить Z AI | Z.ai | Подписка GLM 5.3 Coding Lite/Pro на 1/3/12 месяцев,Pro 3 месяц,Pro 3 месяц,button,13,,,Pro,3m,own_account,19876.0,True,False,,True,,True,True,True,False,,
ggsel,z-ai-z-ai-podpiska-glm-coding-lite-pro-na-1-3-12-mesiacev-102234852,https://ggsel.net/catalog/product/z-ai-z-ai-podpiska-glm-coding-lite-pro-na-1-3-12-mesiacev-102234852,Купить Z AI | Z.ai | Подписка GLM 5.3 Coding Lite/Pro на 1/3/12 месяцев,Max 3 месяц,Max 3 месяц,button,14,,,Max,3m,own_account,41410.0,True,False,,True,,True,True,True,True,41410,
ggsel,z-ai-z-ai-podpiska-glm-coding-lite-pro-na-1-3-12-mesiacev-102234852,https://ggsel.net/catalog/product/z-ai-z-ai-podpiska-glm-coding-lite-pro-na-1-3-12-mesiacev-102234852,Купить Z AI | Z.ai | Подписка GLM 5.3 Coding Lite/Pro на 1/3/12 месяцев,Lite 1 год,Lite 1 год,button,15,,,Lite,12m,own_account,16876.0,True,False,,True,,True,True,True,False,,
ggsel,z-ai-z-ai-podpiska-glm-coding-lite-pro-na-1-3-12-mesiacev-102234852,https://ggsel.net/catalog/product/z-ai-z-ai-podpiska-glm-coding-lite-pro-na-1-3-12-mesiacev-102234852,Купить Z AI | Z.ai | Подписка GLM 5.3 Coding Lite/Pro на 1/3/12 месяцев,Pro 1 год,Pro 1 год,button,16,,,Pro,12m,own_account,62615.0,True,False,,True,,True,True,True,False,,
ggsel,z-ai-z-ai-podpiska-glm-coding-lite-pro-na-1-3-12-mesiacev-102234852,https://ggsel.net/catalog/product/z-ai-z-ai-podpiska-glm-coding-lite-pro-na-1-3-12-mesiacev-102234852,Купить Z AI | Z.ai | Подписка GLM 5.3 Coding Lite/Pro на 1/3/12 месяцев,Max 1 год,Max 1 год,button,17,,,Max,12m,own_account,908741.0,True,True,Max 12m price 908741.0 exceeds 500K (likely UI glitch),True,,True,True,True,False,,
ggsel,z-ai-z-ai-podpiska-glm-coding-lite-pro-na-1-3-12-mesiacev-102234852,https://ggsel.net/catalog/product/z-ai-z-ai-podpiska-glm-coding-lite-pro-na-1-3-12-mesiacev-102234852,Купить Z AI | Z.ai | Подписка GLM 5.3 Coding Lite/Pro на 1/3/12 месяцев,Lite 1 месяц,Lite 1 месяц,button,9,,,Lite,1m,own_account,1630.0,True,False,,True,,True,True,True,False,,
ggsel,obnovlenie-z-ai-1-3-12m-podpiska-glm-coding-lite-pro-max-g-arantiia-102303683,https://ggsel.net/catalog/product/obnovlenie-z-ai-1-3-12m-podpiska-glm-coding-lite-pro-max-g-arantiia-102303683,Купить Обновление Z.AI 1/3/12M Подписка | GLM Coding Lite/Pro/Max | Г.арантия/,Z.AI Lite 3 месяц,Z.AI Lite 3 месяц,button,9,,,Lite,3m,own_account,6723.0,True,False,,True,,True,True,True,False,,
ggsel,obnovlenie-z-ai-1-3-12m-podpiska-glm-coding-lite-pro-max-g-arantiia-102303683,https://ggsel.net/catalog/product/obnovlenie-z-ai-1-3-12m-podpiska-glm-coding-lite-pro-max-g-arantiia-102303683,Купить Обновление Z.AI 1/3/12M Подписка | GLM Coding Lite/Pro/Max | Г.арантия/,Z.AI Lite 12 месяц,Z.AI Lite 12 месяц,button,10,,,Lite,12m,own_account,23904.0,True,False,,True,,True,True,True,False,,
ggsel,obnovlenie-z-ai-1-3-12m-podpiska-glm-coding-lite-pro-max-g-arantiia-102303683,https://ggsel.net/catalog/product/obnovlenie-z-ai-1-3-12m-podpiska-glm-coding-lite-pro-max-g-arantiia-102303683,Купить Обновление Z.AI 1/3/12M Подписка | GLM Coding Lite/Pro/Max | Г.арантия/,Z.AI Pro 1 месяц,Z.AI Pro 1 месяц,button,11,,,Pro,1m,own_account,9960.0,True,False,,True,,True,True,True,False,,
ggsel,obnovlenie-z-ai-1-3-12m-podpiska-glm-coding-lite-pro-max-g-arantiia-102303683,https://ggsel.net/catalog/product/obnovlenie-z-ai-1-3-12m-podpiska-glm-coding-lite-pro-max-g-arantiia-102303683,Купить Обновление Z.AI 1/3/12M Подписка | GLM Coding Lite/Pro/Max | Г.арантия/,Z.AI Pro 3 месяц,Z.AI Pro 3 месяц,button,12,,,Pro,3m,own_account,26894.0,True,False,,True,,True,True,True,False,,
ggsel,obnovlenie-z-ai-1-3-12m-podpiska-glm-coding-lite-pro-max-g-arantiia-102303683,https://ggsel.net/catalog/product/obnovlenie-z-ai-1-3-12m-podpiska-glm-coding-lite-pro-max-g-arantiia-102303683,Купить Обновление Z.AI 1/3/12M Подписка | GLM Coding Lite/Pro/Max | Г.арантия/,Z.AI Pro 12 месяц,Z.AI Pro 12 месяц,button,13,,,Pro,12m,own_account,95624.0,True,False,,True,,True,True,True,False,,
ggsel,obnovlenie-z-ai-1-3-12m-podpiska-glm-coding-lite-pro-max-g-arantiia-102303683,https://ggsel.net/catalog/product/obnovlenie-z-ai-1-3-12m-podpiska-glm-coding-lite-pro-max-g-arantiia-102303683,Купить Обновление Z.AI 1/3/12M Подписка | GLM Coding Lite/Pro/Max | Г.арантия/,Z.AI Max 1 месяц,Z.AI Max 1 месяц,button,14,,,Max,1m,own_account,22136.0,True,False,,True,,True,True,True,False,,
ggsel,obnovlenie-z-ai-1-3-12m-podpiska-glm-coding-lite-pro-max-g-arantiia-102303683,https://ggsel.net/catalog/product/obnovlenie-z-ai-1-3-12m-podpiska-glm-coding-lite-pro-max-g-arantiia-102303683,Купить Обновление Z.AI 1/3/12M Подписка | GLM Coding Lite/Pro/Max | Г.арантия/,Z.AI Max 3 месяц,Z.AI Max 3 месяц,button,15,,,Max,3m,own_account,59765.0,True,False,,True,,True,True,True,False,,
ggsel,obnovlenie-z-ai-1-3-12m-podpiska-glm-coding-lite-pro-max-g-arantiia-102303683,https://ggsel.net/catalog/product/obnovlenie-z-ai-1-3-12m-podpiska-glm-coding-lite-pro-max-g-arantiia-102303683,Купить Обновление Z.AI 1/3/12M Подписка | GLM Coding Lite/Pro/Max | Г.арантия/,Z.AI Max 12 месяц,Z.AI Max 12 месяц,button,16,,,Max,12m,own_account,212488.0,True,False,,True,,True,True,True,False,,
ggsel,obnovlenie-z-ai-1-3-12m-podpiska-glm-coding-lite-pro-max-g-arantiia-102303683,https://ggsel.net/catalog/product/obnovlenie-z-ai-1-3-12m-podpiska-glm-coding-lite-pro-max-g-arantiia-102303683,Купить Обновление Z.AI 1/3/12M Подписка | GLM Coding Lite/Pro/Max | Г.арантия/,Z.AI Lite 1 месяц,Z.AI Lite 1 месяц,button,8,,,Lite,1m,own_account,2488.0,True,False,,True,,True,True,True,False,,
ggsel,obnovlenie-z-ai-1-3-12m-podpiska-glm-coding-lite-pro-max-g-arantiia-102618255,https://ggsel.net/catalog/product/obnovlenie-z-ai-1-3-12m-podpiska-glm-coding-lite-pro-max-g-arantiia-102618255,Купить Обновление Z.AI 1/3/12M Подписка | GLM Coding Lite/Pro/Max | Г.арантия/,Z.AI Lite 3 месяц,Z.AI Lite 3 месяц,button,9,,,Lite,3m,own_account,5762.0,True,False,,True,,True,True,True,False,,
ggsel,obnovlenie-z-ai-1-3-12m-podpiska-glm-coding-lite-pro-max-g-arantiia-102618255,https://ggsel.net/catalog/product/obnovlenie-z-ai-1-3-12m-podpiska-glm-coding-lite-pro-max-g-arantiia-102618255,Купить Обновление Z.AI 1/3/12M Подписка | GLM Coding Lite/Pro/Max | Г.арантия/,Z.AI Lite 12 месяц,Z.AI Lite 12 месяц,button,10,,,Lite,12m,own_account,20488.0,True,False,,True,,True,True,True,False,,
ggsel,obnovlenie-z-ai-1-3-12m-podpiska-glm-coding-lite-pro-max-g-arantiia-102618255,https://ggsel.net/catalog/product/obnovlenie-z-ai-1-3-12m-podpiska-glm-coding-lite-pro-max-g-arantiia-102618255,Купить Обновление Z.AI 1/3/12M Подписка | GLM Coding Lite/Pro/Max | Г.арантия/,Z.AI Pro 1 месяц,Z.AI Pro 1 месяц,button,11,,,Pro,1m,own_account,8536.0,True,False,,True,,True,True,True,False,,
ggsel,obnovlenie-z-ai-1-3-12m-podpiska-glm-coding-lite-pro-max-g-arantiia-102618255,https://ggsel.net/catalog/product/obnovlenie-z-ai-1-3-12m-podpiska-glm-coding-lite-pro-max-g-arantiia-102618255,Купить Обновление Z.AI 1/3/12M Подписка | GLM Coding Lite/Pro/Max | Г.арантия/,Z.AI Pro 3 месяц,Z.AI Pro 3 месяц,button,12,,,Pro,3m,own_account,23052.0,True,False,,True,,True,True,True,False,,
ggsel,obnovlenie-z-ai-1-3-12m-podpiska-glm-coding-lite-pro-max-g-arantiia-102618255,https://ggsel.net/catalog/product/obnovlenie-z-ai-1-3-12m-podpiska-glm-coding-lite-pro-max-g-arantiia-102618255,Купить Обновление Z.AI 1/3/12M Подписка | GLM Coding Lite/Pro/Max | Г.арантия/,Z.AI Pro 12 месяц,Z.AI Pro 12 месяц,button,13,,,Pro,12m,own_account,81963.0,True,False,,True,,True,True,True,False,,
ggsel,obnovlenie-z-ai-1-3-12m-podpiska-glm-coding-lite-pro-max-g-arantiia-102618255,https://ggsel.net/catalog/product/obnovlenie-z-ai-1-3-12m-podpiska-glm-coding-lite-pro-max-g-arantiia-102618255,Купить Обновление Z.AI 1/3/12M Подписка | GLM Coding Lite/Pro/Max | Г.арантия/,Z.AI Max 1 месяц,Z.AI Max 1 месяц,button,14,,,Max,1m,own_account,18973.0,True,False,,True,,True,True,True,False,,
ggsel,obnovlenie-z-ai-1-3-12m-podpiska-glm-coding-lite-pro-max-g-arantiia-102618255,https://ggsel.net/catalog/product/obnovlenie-z-ai-1-3-12m-podpiska-glm-coding-lite-pro-max-g-arantiia-102618255,Купить Обновление Z.AI 1/3/12M Подписка | GLM Coding Lite/Pro/Max | Г.арантия/,Z.AI Max 3 месяц,Z.AI Max 3 месяц,button,15,,,Max,3m,own_account,51226.0,True,False,,True,,True,True,True,False,,
ggsel,obnovlenie-z-ai-1-3-12m-podpiska-glm-coding-lite-pro-max-g-arantiia-102618255,https://ggsel.net/catalog/product/obnovlenie-z-ai-1-3-12m-podpiska-glm-coding-lite-pro-max-g-arantiia-102618255,Купить Обновление Z.AI 1/3/12M Подписка | GLM Coding Lite/Pro/Max | Г.арантия/,Z.AI Max 12 месяц,Z.AI Max 12 месяц,button,16,,,Max,12m,own_account,182132.0,True,False,,True,,True,True,True,False,,
ggsel,obnovlenie-z-ai-1-3-12m-podpiska-glm-coding-lite-pro-max-g-arantiia-102618255,https://ggsel.net/catalog/product/obnovlenie-z-ai-1-3-12m-podpiska-glm-coding-lite-pro-max-g-arantiia-102618255,Купить Обновление Z.AI 1/3/12M Подписка | GLM Coding Lite/Pro/Max | Г.арантия/,Z.AI Lite 1 месяц,Z.AI Lite 1 месяц,button,8,,,Lite,1m,own_account,2132.0,True,False,,True,,True,True,True,False,,
ggsel,z-ai-z-ai-podpiska-na-1-mesiac-lite-pro-max-dlia-programmirovaniia-zai-zai-5413116,https://ggsel.net/catalog/product/z-ai-z-ai-podpiska-na-1-mesiac-lite-pro-max-dlia-programmirovaniia-zai-zai-5413116,Купить Z AI | Z.AI Подписка на 1 месяц — Lite / Pro / Max для программирования - ZAI (zai),Pro — 1 месяц,Pro — 1 месяц,button,10,,,Pro,1m,unknown,8000.0,True,False,,True,,True,True,True,False,,
ggsel,z-ai-z-ai-podpiska-na-1-mesiac-lite-pro-max-dlia-programmirovaniia-zai-zai-5413116,https://ggsel.net/catalog/product/z-ai-z-ai-podpiska-na-1-mesiac-lite-pro-max-dlia-programmirovaniia-zai-zai-5413116,Купить Z AI | Z.AI Подписка на 1 месяц — Lite / Pro / Max для программирования - ZAI (zai),Max — 1 месяц,Max — 1 месяц,button,11,,,Max,1m,unknown,17050.0,True,False,,True,,True,True,True,False,,
ggsel,z-ai-z-ai-podpiska-na-1-mesiac-lite-pro-max-dlia-programmirovaniia-zai-zai-5413116,https://ggsel.net/catalog/product/z-ai-z-ai-podpiska-na-1-mesiac-lite-pro-max-dlia-programmirovaniia-zai-zai-5413116,Купить Z AI | Z.AI Подписка на 1 месяц — Lite / Pro / Max для программирования - ZAI (zai),Lite — 1 месяц,Lite — 1 месяц,button,9,,,Lite,1m,unknown,1850.0,True,False,,True,,True,True,True,False,,
ggsel,z-ai-z-ai-pokupka-podpiski-1-3-12m-popolnit-balansa-kredity-102169054,https://ggsel.net/catalog/product/z-ai-z-ai-pokupka-podpiski-1-3-12m-popolnit-balansa-kredity-102169054,Купить Z AI | Z.AI ПОКУПКА ПОДПИСКИ 1/3/12m + ПОПОЛНИТЬ БАЛАНСА/КРЕДИТЫ,GLM Coding Pro 1 месяц,GLM Coding Pro 1 месяц,button,10,,,Pro,1m,unknown,8135.0,True,False,,True,,True,True,True,False,,
ggsel,z-ai-z-ai-pokupka-podpiski-1-3-12m-popolnit-balansa-kredity-102169054,https://ggsel.net/catalog/product/z-ai-z-ai-pokupka-podpiski-1-3-12m-popolnit-balansa-kredity-102169054,Купить Z AI | Z.AI ПОКУПКА ПОДПИСКИ 1/3/12m + ПОПОЛНИТЬ БАЛАНСА/КРЕДИТЫ,GLM Coding Max 1 месяц,GLM Coding Max 1 месяц,button,11,,,Max,1m,unknown,16223.0,True,False,,True,,True,True,True,False,,
ggsel,z-ai-z-ai-pokupka-podpiski-1-3-12m-popolnit-balansa-kredity-102169054,https://ggsel.net/catalog/product/z-ai-z-ai-pokupka-podpiski-1-3-12m-popolnit-balansa-kredity-102169054,Купить Z AI | Z.AI ПОКУПКА ПОДПИСКИ 1/3/12m + ПОПОЛНИТЬ БАЛАНСА/КРЕДИТЫ,GLM Coding lite 1 месяц,GLM Coding lite 1 месяц,button,9,,,Lite,1m,unknown,2199.0,True,False,,True,,True,True,True,False,,
ggsel,podpiska-z-ai-na-vas-akkaunt-102651023,https://ggsel.net/catalog/product/podpiska-z-ai-na-vas-akkaunt-102651023,Купить Подписка Z.ai на Ваш аккаунт,LITE 3 месяца,LITE 3 месяца,button,10,,,Lite,3m,own_account,6750.0,True,False,,True,,True,True,True,False,,
ggsel,podpiska-z-ai-na-vas-akkaunt-102651023,https://ggsel.net/catalog/product/podpiska-z-ai-na-vas-akkaunt-102651023,Купить Подписка Z.ai на Ваш аккаунт,PRO 1 месяц,PRO 1 месяц,button,11,,,Pro,1m,own_account,7990.0,True,False,,True,,True,True,True,False,,
ggsel,podpiska-z-ai-na-vas-akkaunt-102651023,https://ggsel.net/catalog/product/podpiska-z-ai-na-vas-akkaunt-102651023,Купить Подписка Z.ai на Ваш аккаунт,PRO 3 месяца,PRO 3 месяца,button,12,,,Pro,3m,own_account,19990.0,True,False,,True,,True,True,True,False,,
ggsel,podpiska-z-ai-na-vas-akkaunt-102651023,https://ggsel.net/catalog/product/podpiska-z-ai-na-vas-akkaunt-102651023,Купить Подписка Z.ai на Ваш аккаунт,LITE 1 месяц,LITE 1 месяц,button,9,,,Lite,1m,own_account,1990.0,True,False,,True,,True,True,True,False,,
ggsel,podpiska-z-ai-z-ai-oficialnaia-oplata-1-3-12-mesiacev-102583131,https://ggsel.net/catalog/product/podpiska-z-ai-z-ai-oficialnaia-oplata-1-3-12-mesiacev-102583131,Купить Подписка Z AI Z.Ai | Официальная оплата | 1/3/12 месяцев,Z AI Coding Lite 3 месяца,Z AI Coding Lite 3 месяца,button,9,,,Lite,3m,unknown,5560.0,True,False,,True,,True,True,True,False,,
ggsel,podpiska-z-ai-z-ai-oficialnaia-oplata-1-3-12-mesiacev-102583131,https://ggsel.net/catalog/product/podpiska-z-ai-z-ai-oficialnaia-oplata-1-3-12-mesiacev-102583131,Купить Подписка Z AI Z.Ai | Официальная оплата | 1/3/12 месяцев,Z AI Coding Lite 1 год,Z AI Coding Lite 1 год,button,10,,,Lite,12m,unknown,16560.0,True,False,,True,,True,True,True,False,,
ggsel,podpiska-z-ai-z-ai-oficialnaia-oplata-1-3-12-mesiacev-102583131,https://ggsel.net/catalog/product/podpiska-z-ai-z-ai-oficialnaia-oplata-1-3-12-mesiacev-102583131,Купить Подписка Z AI Z.Ai | Официальная оплата | 1/3/12 месяцев,Z AI Coding Pro 1 месяц,Z AI Coding Pro 1 месяц,button,11,,,Pro,1m,unknown,8260.0,True,False,,True,,True,True,True,False,,
ggsel,podpiska-z-ai-z-ai-oficialnaia-oplata-1-3-12-mesiacev-102583131,https://ggsel.net/catalog/product/podpiska-z-ai-z-ai-oficialnaia-oplata-1-3-12-mesiacev-102583131,Купить Подписка Z AI Z.Ai | Официальная оплата | 1/3/12 месяцев,Z AI Coding Pro 3 месяца,Z AI Coding Pro 3 месяца,button,12,,,Pro,3m,unknown,19360.0,True,False,,True,,True,True,True,False,,
ggsel,podpiska-z-ai-z-ai-oficialnaia-oplata-1-3-12-mesiacev-102583131,https://ggsel.net/catalog/product/podpiska-z-ai-z-ai-oficialnaia-oplata-1-3-12-mesiacev-102583131,Купить Подписка Z AI Z.Ai | Официальная оплата | 1/3/12 месяцев,Z AI Coding Max 1 месяц,Z AI Coding Max 1 месяц,button,13,,,Max,1m,unknown,16519.0,True,False,,True,,True,True,True,False,,
ggsel,podpiska-z-ai-z-ai-oficialnaia-oplata-1-3-12-mesiacev-102583131,https://ggsel.net/catalog/product/podpiska-z-ai-z-ai-oficialnaia-oplata-1-3-12-mesiacev-102583131,Купить Подписка Z AI Z.Ai | Официальная оплата | 1/3/12 месяцев,Z AI Coding Lite 1 месяц,Z AI Coding Lite 1 месяц,button,8,,,Lite,1m,unknown,2360.0,True,False,,True,,True,True,True,False,,
ggsel,z-ai-z-ai-lite-pro-max-1-3-12-mesiaca-vas-akkaunt-102104408,https://ggsel.net/catalog/product/z-ai-z-ai-lite-pro-max-1-3-12-mesiaca-vas-akkaunt-102104408,"Купить Z Ai / Z.ai | Lite, Pro, Max | 1, 3, 12 месяца | Ваш аккаунт",Pro | Месяц,Pro | Месяц,button,10,,,Pro,1m,own_account,10949.0,True,False,,True,,True,True,True,False,,
ggsel,z-ai-z-ai-lite-pro-max-1-3-12-mesiaca-vas-akkaunt-102104408,https://ggsel.net/catalog/product/z-ai-z-ai-lite-pro-max-1-3-12-mesiaca-vas-akkaunt-102104408,"Купить Z Ai / Z.ai | Lite, Pro, Max | 1, 3, 12 месяца | Ваш аккаунт",Max | Месяц,Max | Месяц,button,11,,,Max,1m,own_account,22849.0,True,False,,True,,True,True,True,False,,
ggsel,z-ai-z-ai-lite-pro-max-1-3-12-mesiaca-vas-akkaunt-102104408,https://ggsel.net/catalog/product/z-ai-z-ai-lite-pro-max-1-3-12-mesiaca-vas-akkaunt-102104408,"Купить Z Ai / Z.ai | Lite, Pro, Max | 1, 3, 12 месяца | Ваш аккаунт",Lite | 3 месяца | Есть скидка (первая подписка на аккаунте),Lite | 3 месяца | Есть скидка (первая подписка на аккаунте),button,12,,,Lite,3m,own_account,6049.0,True,False,,True,,True,True,True,False,,
ggsel,z-ai-z-ai-lite-pro-max-1-3-12-mesiaca-vas-akkaunt-102104408,https://ggsel.net/catalog/product/z-ai-z-ai-lite-pro-max-1-3-12-mesiaca-vas-akkaunt-102104408,"Купить Z Ai / Z.ai | Lite, Pro, Max | 1, 3, 12 месяца | Ваш аккаунт",Lite | 3 месяца | Нет скидки (продление подписки),Lite | 3 месяца | Нет скидки (продление подписки),button,13,,,Lite,3m,own_account,7449.0,True,False,,True,,True,True,True,False,,
ggsel,z-ai-z-ai-lite-pro-max-1-3-12-mesiaca-vas-akkaunt-102104408,https://ggsel.net/catalog/product/z-ai-z-ai-lite-pro-max-1-3-12-mesiaca-vas-akkaunt-102104408,"Купить Z Ai / Z.ai | Lite, Pro, Max | 1, 3, 12 месяца | Ваш аккаунт",Pro | 3 месяца | Есть скидка (первая подписка на аккаунте),Pro | 3 месяца | Есть скидка (первая подписка на аккаунте),button,14,,,Pro,3m,own_account,25999.0,True,False,,True,,True,True,True,False,,
ggsel,z-ai-z-ai-lite-pro-max-1-3-12-mesiaca-vas-akkaunt-102104408,https://ggsel.net/catalog/product/z-ai-z-ai-lite-pro-max-1-3-12-mesiaca-vas-akkaunt-102104408,"Купить Z Ai / Z.ai | Lite, Pro, Max | 1, 3, 12 месяца | Ваш аккаунт",Pro | 3 месяца | Нет скидки (продление подписки),Pro | 3 месяца | Нет скидки (продление подписки),button,15,,,Pro,3m,own_account,272949.0,True,False,,True,,True,True,True,False,,
ggsel,z-ai-z-ai-lite-pro-max-1-3-12-mesiaca-vas-akkaunt-102104408,https://ggsel.net/catalog/product/z-ai-z-ai-lite-pro-max-1-3-12-mesiaca-vas-akkaunt-102104408,"Купить Z Ai / Z.ai | Lite, Pro, Max | 1, 3, 12 месяца | Ваш аккаунт",Lite | Год | Есть скидка (первая подписка на аккаунте),Lite | Год | Есть скидка (первая подписка на аккаунте),button,16,,,Lite,12m,own_account,20649.0,True,False,,True,,True,True,True,False,,
ggsel,z-ai-z-ai-lite-pro-max-1-3-12-mesiaca-vas-akkaunt-102104408,https://ggsel.net/catalog/product/z-ai-z-ai-lite-pro-max-1-3-12-mesiaca-vas-akkaunt-102104408,"Купить Z Ai / Z.ai | Lite, Pro, Max | 1, 3, 12 месяца | Ваш аккаунт",Lite | Год | Нет скидки (продление подписки),Lite | Год | Нет скидки (продление подписки),button,17,,,Lite,12m,own_account,29199.0,True,False,,True,,True,True,True,False,,
ggsel,z-ai-z-ai-lite-pro-max-1-3-12-mesiaca-vas-akkaunt-102104408,https://ggsel.net/catalog/product/z-ai-z-ai-lite-pro-max-1-3-12-mesiaca-vas-akkaunt-102104408,"Купить Z Ai / Z.ai | Lite, Pro, Max | 1, 3, 12 месяца | Ваш аккаунт",Lite | Месяц,Lite | Месяц,button,9,,,Lite,1m,own_account,2449.0,True,False,,True,,True,True,True,False,,
ggsel,oficialnaia-1-3-12-mes-podpiska-z-ai-z-ai-liubye-e-oformlenie-polnaia-g-arantiia-102296362,https://ggsel.net/catalog/product/oficialnaia-1-3-12-mes-podpiska-z-ai-z-ai-liubye-e-oformlenie-polnaia-g-arantiia-102296362,Купить Z.AI GLM Lite / Pro / Max | Тарифы для программирования GLM-5.2 | активация | Полная гаранти,Z.ai GLM Coding Lite - 3 Месяца,Z.ai GLM Coding Lite - 3 Месяца,button,10,,,Lite,3m,unknown,5299.0,True,False,,True,,True,True,True,False,,
ggsel,oficialnaia-1-3-12-mes-podpiska-z-ai-z-ai-liubye-e-oformlenie-polnaia-g-arantiia-102296362,https://ggsel.net/catalog/product/oficialnaia-1-3-12-mes-podpiska-z-ai-z-ai-liubye-e-oformlenie-polnaia-g-arantiia-102296362,Купить Z.AI GLM Lite / Pro / Max | Тарифы для программирования GLM-5.2 | активация | Полная гаранти,Z.ai GLM Coding Pro - 1 Месяц,Z.ai GLM Coding Pro - 1 Месяц,button,11,,,Pro,1m,unknown,9285.0,True,False,,True,,True,True,True,False,,
ggsel,oficialnaia-1-3-12-mes-podpiska-z-ai-z-ai-liubye-e-oformlenie-polnaia-g-arantiia-102296362,https://ggsel.net/catalog/product/oficialnaia-1-3-12-mes-podpiska-z-ai-z-ai-liubye-e-oformlenie-polnaia-g-arantiia-102296362,Купить Z.AI GLM Lite / Pro / Max | Тарифы для программирования GLM-5.2 | активация | Полная гаранти,Z.ai GLM Coding Pro - 3 Месяца,Z.ai GLM Coding Pro - 3 Месяца,button,12,,,Pro,3m,unknown,21998.0,True,False,,True,,True,True,True,False,,
ggsel,oficialnaia-1-3-12-mes-podpiska-z-ai-z-ai-liubye-e-oformlenie-polnaia-g-arantiia-102296362,https://ggsel.net/catalog/product/oficialnaia-1-3-12-mes-podpiska-z-ai-z-ai-liubye-e-oformlenie-polnaia-g-arantiia-102296362,Купить Z.AI GLM Lite / Pro / Max | Тарифы для программирования GLM-5.2 | активация | Полная гаранти,Z.ai GLM Coding Pro - 1 Год,Z.ai GLM Coding Pro - 1 Год,button,13,,,Pro,12m,unknown,73400.0,True,False,,True,,True,True,True,False,,
ggsel,oficialnaia-1-3-12-mes-podpiska-z-ai-z-ai-liubye-e-oformlenie-polnaia-g-arantiia-102296362,https://ggsel.net/catalog/product/oficialnaia-1-3-12-mes-podpiska-z-ai-z-ai-liubye-e-oformlenie-polnaia-g-arantiia-102296362,Купить Z.AI GLM Lite / Pro / Max | Тарифы для программирования GLM-5.2 | активация | Полная гаранти,Z.ai GLM Coding Max - 1 Месяц,Z.ai GLM Coding Max - 1 Месяц,button,14,,,Max,1m,unknown,18300.0,True,False,,True,,True,True,True,False,,
ggsel,oficialnaia-1-3-12-mes-podpiska-z-ai-z-ai-liubye-e-oformlenie-polnaia-g-arantiia-102296362,https://ggsel.net/catalog/product/oficialnaia-1-3-12-mes-podpiska-z-ai-z-ai-liubye-e-oformlenie-polnaia-g-arantiia-102296362,Купить Z.AI GLM Lite / Pro / Max | Тарифы для программирования GLM-5.2 | активация | Полная гаранти,Z.ai GLM Coding Max - 3 Месяца,Z.ai GLM Coding Max - 3 Месяца,button,15,,,Max,3m,unknown,45800.0,True,False,,True,,True,True,True,False,,
ggsel,oficialnaia-1-3-12-mes-podpiska-z-ai-z-ai-liubye-e-oformlenie-polnaia-g-arantiia-102296362,https://ggsel.net/catalog/product/oficialnaia-1-3-12-mes-podpiska-z-ai-z-ai-liubye-e-oformlenie-polnaia-g-arantiia-102296362,Купить Z.AI GLM Lite / Pro / Max | Тарифы для программирования GLM-5.2 | активация | Полная гаранти,Z.ai GLM Coding Max - 1 Год,Z.ai GLM Coding Max - 1 Год,button,16,,,Max,12m,unknown,147999.0,True,False,,True,,True,True,True,False,,
ggsel,oficialnaia-1-3-12-mes-podpiska-z-ai-z-ai-liubye-e-oformlenie-polnaia-g-arantiia-102296362,https://ggsel.net/catalog/product/oficialnaia-1-3-12-mes-podpiska-z-ai-z-ai-liubye-e-oformlenie-polnaia-g-arantiia-102296362,Купить Z.AI GLM Lite / Pro / Max | Тарифы для программирования GLM-5.2 | активация | Полная гаранти,Z.ai GLM Coding Lite - 1 Год,Z.ai GLM Coding Lite - 1 Год,button,17,,,Lite,12m,unknown,19799.0,True,False,,True,,True,True,True,False,,
ggsel,oficialnaia-1-3-12-mes-podpiska-z-ai-z-ai-liubye-e-oformlenie-polnaia-g-arantiia-102296362,https://ggsel.net/catalog/product/oficialnaia-1-3-12-mes-podpiska-z-ai-z-ai-liubye-e-oformlenie-polnaia-g-arantiia-102296362,Купить Z.AI GLM Lite / Pro / Max | Тарифы для программирования GLM-5.2 | активация | Полная гаранти,Z.ai GLM Coding Lite - 1 Месяц,Z.ai GLM Coding Lite - 1 Месяц,button,9,,,Lite,1m,unknown,1999.0,True,False,,True,,True,True,True,False,,
ggsel,podpiska-z-ai-glm-coding-plan-1-12m-fast-delivery-full-warranty-102457859,https://ggsel.net/catalog/product/podpiska-z-ai-glm-coding-plan-1-12m-fast-delivery-full-warranty-102457859,"Купить Подписка Z.AI GLM Coding Plan 1-12M | Fast Delivery, Full Warranty",Z.ai GLM Coding Pro - 1 Month,Z.ai GLM Coding Pro - 1 Month,button,9,,,Pro,1m,own_account,8699.0,True,False,,True,,True,True,True,False,,
ggsel,podpiska-z-ai-glm-coding-plan-1-12m-fast-delivery-full-warranty-102457859,https://ggsel.net/catalog/product/podpiska-z-ai-glm-coding-plan-1-12m-fast-delivery-full-warranty-102457859,"Купить Подписка Z.AI GLM Coding Plan 1-12M | Fast Delivery, Full Warranty",Z.ai GLM Coding Pro - 3 Months,Z.ai GLM Coding Pro - 3 Months,button,10,,,Pro,3m,own_account,23499.0,True,False,,True,,True,True,True,False,,
ggsel,podpiska-z-ai-glm-coding-plan-1-12m-fast-delivery-full-warranty-102457859,https://ggsel.net/catalog/product/podpiska-z-ai-glm-coding-plan-1-12m-fast-delivery-full-warranty-102457859,"Купить Подписка Z.AI GLM Coding Plan 1-12M | Fast Delivery, Full Warranty",Z.ai GLM Coding Lite - 3 Months,Z.ai GLM Coding Lite - 3 Months,button,12,,,Lite,3m,own_account,5299.0,True,False,,True,,True,True,True,False,,
ggsel,podpiska-z-ai-glm-coding-plan-1-12m-fast-delivery-full-warranty-102457859,https://ggsel.net/catalog/product/podpiska-z-ai-glm-coding-plan-1-12m-fast-delivery-full-warranty-102457859,"Купить Подписка Z.AI GLM Coding Plan 1-12M | Fast Delivery, Full Warranty",Z.ai GLM Coding Lite - 12 Months,Z.ai GLM Coding Lite - 12 Months,button,13,,,Lite,12m,own_account,19199.0,True,False,,True,,True,True,True,False,,
ggsel,podpiska-z-ai-glm-coding-plan-1-12m-fast-delivery-full-warranty-102457859,https://ggsel.net/catalog/product/podpiska-z-ai-glm-coding-plan-1-12m-fast-delivery-full-warranty-102457859,"Купить Подписка Z.AI GLM Coding Plan 1-12M | Fast Delivery, Full Warranty",Z.ai GLM Coding Pro - 12 Months,Z.ai GLM Coding Pro - 12 Months,button,14,,,Pro,12m,own_account,69999.0,True,False,,True,,True,True,True,False,,
ggsel,podpiska-z-ai-glm-coding-plan-1-12m-fast-delivery-full-warranty-102457859,https://ggsel.net/catalog/product/podpiska-z-ai-glm-coding-plan-1-12m-fast-delivery-full-warranty-102457859,"Купить Подписка Z.AI GLM Coding Plan 1-12M | Fast Delivery, Full Warranty",Z.ai GLM Coding Max - 1 Month,Z.ai GLM Coding Max - 1 Month,button,15,,,Max,1m,own_account,18999.0,True,False,,True,,True,True,True,False,,
ggsel,podpiska-z-ai-glm-coding-plan-1-12m-fast-delivery-full-warranty-102457859,https://ggsel.net/catalog/product/podpiska-z-ai-glm-coding-plan-1-12m-fast-delivery-full-warranty-102457859,"Купить Подписка Z.AI GLM Coding Plan 1-12M | Fast Delivery, Full Warranty",Z.ai GLM Coding Max - 3 Month,Z.ai GLM Coding Max - 3 Month,button,16,,,Max,3m,own_account,47699.0,True,False,,True,,True,True,True,False,,
ggsel,podpiska-z-ai-glm-coding-plan-1-12m-fast-delivery-full-warranty-102457859,https://ggsel.net/catalog/product/podpiska-z-ai-glm-coding-plan-1-12m-fast-delivery-full-warranty-102457859,"Купить Подписка Z.AI GLM Coding Plan 1-12M | Fast Delivery, Full Warranty",Z.ai GLM Coding Max - 12 Month,Z.ai GLM Coding Max - 12 Month,button,17,,,Max,12m,own_account,151099.0,True,False,,True,,True,True,True,False,,
ggsel,podpiska-z-ai-glm-coding-plan-1-12m-fast-delivery-full-warranty-102457859,https://ggsel.net/catalog/product/podpiska-z-ai-glm-coding-plan-1-12m-fast-delivery-full-warranty-102457859,"Купить Подписка Z.AI GLM Coding Plan 1-12M | Fast Delivery, Full Warranty",Z.ai GLM Coding Lite - 1 Month,Z.ai GLM Coding Lite - 1 Month,button,11,,,Lite,1m,own_account,2199.0,True,False,,True,,True,True,True,False,,
ggsel,102458121,https://ggsel.net/catalog/product/102458121,"Купить Z.ai GLM Coding Plan: Lite / Pro / Max 1 - 12M | Fast Activation, Full Warranty",Z.ai GLM Coding Pro - 1 Month,Z.ai GLM Coding Pro - 1 Month,button,9,,,Pro,1m,own_account,8099.0,True,False,,True,,True,True,True,False,,
ggsel,102458121,https://ggsel.net/catalog/product/102458121,"Купить Z.ai GLM Coding Plan: Lite / Pro / Max 1 - 12M | Fast Activation, Full Warranty",Z.ai GLM Coding Pro - 3 Months,Z.ai GLM Coding Pro - 3 Months,button,10,,,Pro,3m,own_account,73099.0,True,False,,True,,True,True,True,False,,
ggsel,102458121,https://ggsel.net/catalog/product/102458121,"Купить Z.ai GLM Coding Plan: Lite / Pro / Max 1 - 12M | Fast Activation, Full Warranty",Z.ai GLM Coding Lite - 3 Months,Z.ai GLM Coding Lite - 3 Months,button,12,,,Lite,3m,own_account,5199.0,True,False,,True,,True,True,True,False,,
ggsel,102458121,https://ggsel.net/catalog/product/102458121,"Купить Z.ai GLM Coding Plan: Lite / Pro / Max 1 - 12M | Fast Activation, Full Warranty",Z.ai GLM Coding Lite - 12 Months,Z.ai GLM Coding Lite - 12 Months,button,13,,,Lite,12m,own_account,19599.0,True,False,,True,,True,True,True,False,,
ggsel,102458121,https://ggsel.net/catalog/product/102458121,"Купить Z.ai GLM Coding Plan: Lite / Pro / Max 1 - 12M | Fast Activation, Full Warranty",Z.ai GLM Coding Pro - 12 Months,Z.ai GLM Coding Pro - 12 Months,button,14,,,Pro,12m,own_account,21699.0,True,False,,True,,True,True,True,False,,
ggsel,102458121,https://ggsel.net/catalog/product/102458121,"Купить Z.ai GLM Coding Plan: Lite / Pro / Max 1 - 12M | Fast Activation, Full Warranty",Z.ai GLM Coding Max - 1 Month,Z.ai GLM Coding Max - 1 Month,button,15,,,Max,1m,own_account,21699.0,True,False,,True,,False,True,False,False,,
ggsel,102458121,https://ggsel.net/catalog/product/102458121,"Купить Z.ai GLM Coding Plan: Lite / Pro / Max 1 - 12M | Fast Activation, Full Warranty",Z.ai GLM Coding Max - 3 Month,Z.ai GLM Coding Max - 3 Month,button,16,,,Max,3m,own_account,45699.0,True,False,,True,,True,True,True,False,,
ggsel,102458121,https://ggsel.net/catalog/product/102458121,"Купить Z.ai GLM Coding Plan: Lite / Pro / Max 1 - 12M | Fast Activation, Full Warranty",Z.ai GLM Coding Lite - 1 Month,Z.ai GLM Coding Lite - 1 Month,button,11,,,Lite,1m,own_account,2099.0,True,False,,True,,True,True,True,False,,
ggsel,102610634,https://ggsel.net/catalog/product/102610634,Купить Z.ai GLM Lite / Pro / Max | GLM-5.2 Coding | Instant Activation | Private | Full Warrant,Z.ai GLM Coding Lite | 3 месяца,Z.ai GLM Coding Lite | 3 месяца,button,10,,,Lite,3m,unknown,5499.0,True,False,,True,,True,True,True,False,,
ggsel,102610634,https://ggsel.net/catalog/product/102610634,Купить Z.ai GLM Lite / Pro / Max | GLM-5.2 Coding | Instant Activation | Private | Full Warrant,Z.ai GLM Coding Lite | 1 год,Z.ai GLM Coding Lite | 1 год,button,11,,,Lite,12m,unknown,19199.0,True,False,,True,,True,True,True,False,,
ggsel,102610634,https://ggsel.net/catalog/product/102610634,Купить Z.ai GLM Lite / Pro / Max | GLM-5.2 Coding | Instant Activation | Private | Full Warrant,Z.ai GLM Coding Pro | 1 месяц,Z.ai GLM Coding Pro | 1 месяц,button,12,,,Pro,1m,unknown,9899.0,True,False,,True,,True,True,True,False,,
ggsel,102610634,https://ggsel.net/catalog/product/102610634,Купить Z.ai GLM Lite / Pro / Max | GLM-5.2 Coding | Instant Activation | Private | Full Warrant,Z.ai GLM Coding Pro | 3 месяца,Z.ai GLM Coding Pro | 3 месяца,button,13,,,Pro,3m,unknown,22299.0,True,False,,True,,True,True,True,False,,
ggsel,102610634,https://ggsel.net/catalog/product/102610634,Купить Z.ai GLM Lite / Pro / Max | GLM-5.2 Coding | Instant Activation | Private | Full Warrant,Z.ai GLM Coding Pro | 1 год,Z.ai GLM Coding Pro | 1 год,button,14,,,Pro,12m,unknown,72999.0,True,False,,True,,True,True,True,False,,
ggsel,102610634,https://ggsel.net/catalog/product/102610634,Купить Z.ai GLM Lite / Pro / Max | GLM-5.2 Coding | Instant Activation | Private | Full Warrant,Z.ai GLM Coding Max | 1 месяц,Z.ai GLM Coding Max | 1 месяц,button,15,,,Max,1m,unknown,21799.0,True,False,,True,,True,True,True,False,,
ggsel,102610634,https://ggsel.net/catalog/product/102610634,Купить Z.ai GLM Lite / Pro / Max | GLM-5.2 Coding | Instant Activation | Private | Full Warrant,Z.ai GLM Coding Max | 3 месяца,Z.ai GLM Coding Max | 3 месяца,button,16,,,Max,3m,unknown,47799.0,True,False,,True,,True,True,True,False,,
ggsel,102610634,https://ggsel.net/catalog/product/102610634,Купить Z.ai GLM Lite / Pro / Max | GLM-5.2 Coding | Instant Activation | Private | Full Warrant,Z.ai GLM Coding Max | 1 год,Z.ai GLM Coding Max | 1 год,button,17,,,Max,12m,unknown,146399.0,True,False,,True,,True,True,True,False,,
ggsel,102610634,https://ggsel.net/catalog/product/102610634,Купить Z.ai GLM Lite / Pro / Max | GLM-5.2 Coding | Instant Activation | Private | Full Warrant,Z.ai GLM Coding Lite | 1 месяц,Z.ai GLM Coding Lite | 1 месяц,button,9,,,Lite,1m,unknown,2299.0,True,False,,True,,True,True,True,False,,
ggsel,102457859,https://ggsel.net/catalog/product/102457859,"Купить Подписка Z.AI GLM Coding Plan 1-12M | Fast Delivery, Full Warranty",Z.ai GLM Coding Pro - 1 Month,Z.ai GLM Coding Pro - 1 Month,button,9,,,Pro,1m,own_account,8699.0,True,False,,True,,True,True,True,False,,
ggsel,102457859,https://ggsel.net/catalog/product/102457859,"Купить Подписка Z.AI GLM Coding Plan 1-12M | Fast Delivery, Full Warranty",Z.ai GLM Coding Pro - 3 Months,Z.ai GLM Coding Pro - 3 Months,button,10,,,Pro,3m,own_account,23499.0,True,False,,True,,True,True,True,False,,
ggsel,102457859,https://ggsel.net/catalog/product/102457859,"Купить Подписка Z.AI GLM Coding Plan 1-12M | Fast Delivery, Full Warranty",Z.ai GLM Coding Lite - 3 Months,Z.ai GLM Coding Lite - 3 Months,button,12,,,Lite,3m,own_account,5299.0,True,False,,True,,True,True,True,False,,
ggsel,102457859,https://ggsel.net/catalog/product/102457859,"Купить Подписка Z.AI GLM Coding Plan 1-12M | Fast Delivery, Full Warranty",Z.ai GLM Coding Lite - 12 Months,Z.ai GLM Coding Lite - 12 Months,button,13,,,Lite,12m,own_account,19199.0,True,False,,True,,True,True,True,False,,
ggsel,102457859,https://ggsel.net/catalog/product/102457859,"Купить Подписка Z.AI GLM Coding Plan 1-12M | Fast Delivery, Full Warranty",Z.ai GLM Coding Pro - 12 Months,Z.ai GLM Coding Pro - 12 Months,button,14,,,Pro,12m,own_account,69999.0,True,False,,True,,True,True,True,False,,
ggsel,102457859,https://ggsel.net/catalog/product/102457859,"Купить Подписка Z.AI GLM Coding Plan 1-12M | Fast Delivery, Full Warranty",Z.ai GLM Coding Max - 1 Month,Z.ai GLM Coding Max - 1 Month,button,15,,,Max,1m,own_account,18999.0,True,False,,True,,True,True,True,False,,
ggsel,102457859,https://ggsel.net/catalog/product/102457859,"Купить Подписка Z.AI GLM Coding Plan 1-12M | Fast Delivery, Full Warranty",Z.ai GLM Coding Max - 3 Month,Z.ai GLM Coding Max - 3 Month,button,16,,,Max,3m,own_account,47699.0,True,False,,True,,True,True,True,False,,
ggsel,102457859,https://ggsel.net/catalog/product/102457859,"Купить Подписка Z.AI GLM Coding Plan 1-12M | Fast Delivery, Full Warranty",Z.ai GLM Coding Max - 12 Month,Z.ai GLM Coding Max - 12 Month,button,17,,,Max,12m,own_account,151099.0,True,False,,True,,True,True,True,False,,
ggsel,102457859,https://ggsel.net/catalog/product/102457859,"Купить Подписка Z.AI GLM Coding Plan 1-12M | Fast Delivery, Full Warranty",Z.ai GLM Coding Lite - 1 Month,Z.ai GLM Coding Lite - 1 Month,button,11,,,Lite,1m,own_account,2199.0,True,False,,True,,True,True,True,False,,
ggsel,102438864,https://ggsel.net/catalog/product/102438864,Купить Z.ai GLM Lite . Pro . Max | Coding Plan | 1-3-12 месяцев| Персональная Подписка | ПОЛНАЯ,Z.ai GLM Coding Lite | 3 месяца,Z.ai GLM Coding Lite | 3 месяца,button,10,,,Lite,3m,new_account,5899.0,True,False,,True,,True,True,True,False,,
ggsel,102438864,https://ggsel.net/catalog/product/102438864,Купить Z.ai GLM Lite . Pro . Max | Coding Plan | 1-3-12 месяцев| Персональная Подписка | ПОЛНАЯ,Z.ai GLM Coding Lite | 1 год,Z.ai GLM Coding Lite | 1 год,button,11,,,Lite,12m,new_account,21799.0,True,False,,True,,True,True,True,False,,
ggsel,102438864,https://ggsel.net/catalog/product/102438864,Купить Z.ai GLM Lite . Pro . Max | Coding Plan | 1-3-12 месяцев| Персональная Подписка | ПОЛНАЯ,Z.ai GLM Coding Pro | 1 месяц,Z.ai GLM Coding Pro | 1 месяц,button,12,,,Pro,1m,new_account,9899.0,True,False,,True,,True,True,True,False,,
ggsel,102438864,https://ggsel.net/catalog/product/102438864,Купить Z.ai GLM Lite . Pro . Max | Coding Plan | 1-3-12 месяцев| Персональная Подписка | ПОЛНАЯ,Z.ai GLM Coding Pro | 3 месяца,Z.ai GLM Coding Pro | 3 месяца,button,13,,,Pro,3m,new_account,22999.0,True,False,,True,,True,True,True,False,,
ggsel,102438864,https://ggsel.net/catalog/product/102438864,Купить Z.ai GLM Lite . Pro . Max | Coding Plan | 1-3-12 месяцев| Персональная Подписка | ПОЛНАЯ,Z.ai GLM Coding Pro | 1 год,Z.ai GLM Coding Pro | 1 год,button,14,,,Pro,12m,new_account,78999.0,True,False,,True,,True,True,True,False,,
ggsel,102438864,https://ggsel.net/catalog/product/102438864,Купить Z.ai GLM Lite . Pro . Max | Coding Plan | 1-3-12 месяцев| Персональная Подписка | ПОЛНАЯ,Z.ai GLM Coding Max | 1 месяц,Z.ai GLM Coding Max | 1 месяц,button,15,,,Max,1m,new_account,20399.0,True,False,,True,,True,True,True,False,,
ggsel,102438864,https://ggsel.net/catalog/product/102438864,Купить Z.ai GLM Lite . Pro . Max | Coding Plan | 1-3-12 месяцев| Персональная Подписка | ПОЛНАЯ,Z.ai GLM Coding Max | 3 месяца,Z.ai GLM Coding Max | 3 месяца,button,16,,,Max,3m,new_account,50499.0,True,False,,True,,True,True,True,False,,
ggsel,102438864,https://ggsel.net/catalog/product/102438864,Купить Z.ai GLM Lite . Pro . Max | Coding Plan | 1-3-12 месяцев| Персональная Подписка | ПОЛНАЯ,Z.ai GLM Coding Max | 1 год,Z.ai GLM Coding Max | 1 год,button,17,,,Max,12m,new_account,158499.0,True,False,,True,,True,True,True,False,,
ggsel,102438864,https://ggsel.net/catalog/product/102438864,Купить Z.ai GLM Lite . Pro . Max | Coding Plan | 1-3-12 месяцев| Персональная Подписка | ПОЛНАЯ,Z.ai GLM Coding Lite | 1 месяц,Z.ai GLM Coding Lite | 1 месяц,button,9,,,Lite,1m,new_account,2599.0,True,False,,True,,True,True,True,False,,
ggsel,5413116,https://ggsel.net/catalog/product/5413116,Купить Z AI | Z.AI Подписка на 1 месяц — Lite / Pro / Max для программирования - ZAI (zai),Pro — 1 месяц,Pro — 1 месяц,button,10,,,Pro,1m,unknown,8000.0,True,False,,True,,True,True,True,False,,
ggsel,5413116,https://ggsel.net/catalog/product/5413116,Купить Z AI | Z.AI Подписка на 1 месяц — Lite / Pro / Max для программирования - ZAI (zai),Max — 1 месяц,Max — 1 месяц,button,11,,,Max,1m,unknown,17050.0,True,False,,True,,True,True,True,False,,
ggsel,5413116,https://ggsel.net/catalog/product/5413116,Купить Z AI | Z.AI Подписка на 1 месяц — Lite / Pro / Max для программирования - ZAI (zai),Lite — 1 месяц,Lite — 1 месяц,button,9,,,Lite,1m,unknown,1850.0,True,False,,True,,True,True,True,False,,
ggsel,102236410,https://ggsel.net/catalog/product/102236410,Купить Z.ai | GLM Coding Lite / Pro / Max | 1-3-12M | | Стабильно,Pro | 1 месяц | Первая регистрация (Лучшая цена),Pro | 1 месяц | Первая регистрация (Лучшая цена),button,12,,,Pro,1m,own_account,8985.0,True,False,,True,,True,True,True,False,,
ggsel,102236410,https://ggsel.net/catalog/product/102236410,Купить Z.ai | GLM Coding Lite / Pro / Max | 1-3-12M | | Стабильно,Max | 1 месяц | Первая регистрация (Лучшая цена),Max | 1 месяц | Первая регистрация (Лучшая цена),button,13,,,Max,1m,own_account,16985.0,True,False,,True,,True,True,True,False,,
ggsel,102236410,https://ggsel.net/catalog/product/102236410,Купить Z.ai | GLM Coding Lite / Pro / Max | 1-3-12M | | Стабильно,Lite | 3 месяц | Первая регистрация (Лучшая цена),Lite | 3 месяц | Первая регистрация (Лучшая цена),button,14,,,Lite,3m,unknown,4785.0,True,False,,True,,True,True,True,True,4785,"Выбранная опция называется «Первая регистрация», а описание также предлагает активацию на личный аккаунт. Уточнить у продавца, кому будет принадлежать аккаунт."
ggsel,102236410,https://ggsel.net/catalog/product/102236410,Купить Z.ai | GLM Coding Lite / Pro / Max | 1-3-12M | | Стабильно,Pro | 3 месяц | Первая регистрация (Лучшая цена),Pro | 3 месяц | Первая регистрация (Лучшая цена),button,15,,,Pro,3m,unknown,18785.0,True,False,,True,,True,True,True,True,18785,"Выбранная опция называется «Первая регистрация», а описание также предлагает активацию на личный аккаунт. Уточнить у продавца, кому будет принадлежать аккаунт."
ggsel,102236410,https://ggsel.net/catalog/product/102236410,Купить Z.ai | GLM Coding Lite / Pro / Max | 1-3-12M | | Стабильно,Max | 3 месяц | Первая регистрация (Лучшая цена),Max | 3 месяц | Первая регистрация (Лучшая цена),button,16,,,Max,3m,unknown,42285.0,True,False,,True,,True,True,True,False,,"Выбранная опция называется «Первая регистрация», а описание также предлагает активацию на личный аккаунт. Уточнить у продавца, кому будет принадлежать аккаунт."
ggsel,102236410,https://ggsel.net/catalog/product/102236410,Купить Z.ai | GLM Coding Lite / Pro / Max | 1-3-12M | | Стабильно,Lite | 12 месяц | Первая регистрация (Лучшая цена),Lite | 12 месяц | Первая регистрация (Лучшая цена),button,17,,,Lite,12m,own_account,17785.0,True,False,,True,,True,True,True,False,,
ggsel,102236410,https://ggsel.net/catalog/product/102236410,Купить Z.ai | GLM Coding Lite / Pro / Max | 1-3-12M | | Стабильно,Pro | 12 месяц | Первая регистрация (Лучшая цена),Pro | 12 месяц | Первая регистрация (Лучшая цена),button,18,,,Pro,12m,own_account,68285.0,True,False,,True,,True,True,True,False,,
ggsel,102236410,https://ggsel.net/catalog/product/102236410,Купить Z.ai | GLM Coding Lite / Pro / Max | 1-3-12M | | Стабильно,Max | 12 месяц | Первая регистрация (Лучшая цена),Max | 12 месяц | Первая регистрация (Лучшая цена),button,19,,,Max,12m,own_account,144785.0,True,False,,True,,True,True,True,False,,
ggsel,102236410,https://ggsel.net/catalog/product/102236410,Купить Z.ai | GLM Coding Lite / Pro / Max | 1-3-12M | | Стабильно,Lite | 1 месяц | Продлить подписку,Lite | 1 месяц | Продлить подписку,button,20,,,Lite,1m,own_account,1985.0,True,False,,True,,True,True,True,False,,
ggsel,102236410,https://ggsel.net/catalog/product/102236410,Купить Z.ai | GLM Coding Lite / Pro / Max | 1-3-12M | | Стабильно,Pro | 1 месяц | Продлить подписку,Pro | 1 месяц | Продлить подписку,button,21,,,Pro,1m,own_account,9585.0,True,False,,True,,True,True,True,False,,
ggsel,102236410,https://ggsel.net/catalog/product/102236410,Купить Z.ai | GLM Coding Lite / Pro / Max | 1-3-12M | | Стабильно,Max | 1 месяц | Продлить подписку,Max | 1 месяц | Продлить подписку,button,22,,,Max,1m,own_account,17985.0,True,False,,True,,True,True,True,False,,
ggsel,102236410,https://ggsel.net/catalog/product/102236410,Купить Z.ai | GLM Coding Lite / Pro / Max | 1-3-12M | | Стабильно,Lite | 3 месяц | Продлить подписку,Lite | 3 месяц | Продлить подписку,button,23,,,Lite,3m,own_account,4985.0,True,False,,True,,True,True,True,False,,
ggsel,102236410,https://ggsel.net/catalog/product/102236410,Купить Z.ai | GLM Coding Lite / Pro / Max | 1-3-12M | | Стабильно,Pro | 3 месяц | Продлить подписку,Pro | 3 месяц | Продлить подписку,button,24,,,Pro,3m,own_account,19485.0,True,False,,True,,True,True,True,False,,
ggsel,102236410,https://ggsel.net/catalog/product/102236410,Купить Z.ai | GLM Coding Lite / Pro / Max | 1-3-12M | | Стабильно,Max | 3 месяц | Продлить подписку,Max | 3 месяц | Продлить подписку,button,25,,,Max,3m,own_account,42985.0,True,False,,True,,True,True,True,False,,
ggsel,102236410,https://ggsel.net/catalog/product/102236410,Купить Z.ai | GLM Coding Lite / Pro / Max | 1-3-12M | | Стабильно,Lite | 12 месяц | Продлить подписку,Lite | 12 месяц | Продлить подписку,button,26,,,Lite,12m,own_account,18485.0,True,False,,True,,True,True,True,False,,
ggsel,102236410,https://ggsel.net/catalog/product/102236410,Купить Z.ai | GLM Coding Lite / Pro / Max | 1-3-12M | | Стабильно,Pro | 12 месяц | Продлить подписку,Pro | 12 месяц | Продлить подписку,button,27,,,Pro,12m,own_account,68985.0,True,False,,True,,True,True,True,False,,
ggsel,102236410,https://ggsel.net/catalog/product/102236410,Купить Z.ai | GLM Coding Lite / Pro / Max | 1-3-12M | | Стабильно,Max | 12 месяц | Продлить подписку,Max | 12 месяц | Продлить подписку,button,28,,,Max,12m,own_account,145985.0,True,False,,True,,True,True,True,False,,
ggsel,102236410,https://ggsel.net/catalog/product/102236410,Купить Z.ai | GLM Coding Lite / Pro / Max | 1-3-12M | | Стабильно,Lite | 1 месяц | Первая регистрация (Лучшая цена),Lite | 1 месяц | Первая регистрация (Лучшая цена),button,11,,,Lite,1m,own_account,1785.0,True,False,,True,,True,True,True,False,,
ggsel,102109731,https://ggsel.net/catalog/product/102109731,"Купить Апгрейд Z.AI Lite/Pro/Max: GLM 5.2, 1–12 месяца | F.A.S.T, FULL WARRANTY",Аккаунт Z.ai GLM Coding Lite - 1 Месяц (Случайный Email),Аккаунт Z.ai GLM Coding Lite - 1 Месяц (Случайный Email),button,10,,,Lite,1m,new_account,2399.0,True,False,,True,,True,True,True,False,,
ggsel,102109731,https://ggsel.net/catalog/product/102109731,"Купить Апгрейд Z.AI Lite/Pro/Max: GLM 5.2, 1–12 месяца | F.A.S.T, FULL WARRANTY",Апгрейд/Продление: Z.ai GLM Coding Lite - 3 Месяца (Требуется Вход),Апгрейд/Продление: Z.ai GLM Coding Lite - 3 Месяца (Требуется Вход),button,11,,,Lite,3m,own_account,5299.0,True,False,,True,,True,True,True,False,,
ggsel,102109731,https://ggsel.net/catalog/product/102109731,"Купить Апгрейд Z.AI Lite/Pro/Max: GLM 5.2, 1–12 месяца | F.A.S.T, FULL WARRANTY",Аккаунт Z.ai GLM Coding Lite - 3 Месяца (Случайный Email),Аккаунт Z.ai GLM Coding Lite - 3 Месяца (Случайный Email),button,12,,,Lite,3m,new_account,5799.0,True,False,,True,,True,True,True,False,,
ggsel,102109731,https://ggsel.net/catalog/product/102109731,"Купить Апгрейд Z.AI Lite/Pro/Max: GLM 5.2, 1–12 месяца | F.A.S.T, FULL WARRANTY",Апгрейд/Продление: Z.ai GLM Coding Lite - 1 Год (Требуется Вход),Апгрейд/Продление: Z.ai GLM Coding Lite - 1 Год (Требуется Вход),button,13,,,Lite,12m,own_account,19899.0,True,False,,True,,True,True,True,False,,
ggsel,102109731,https://ggsel.net/catalog/product/102109731,"Купить Апгрейд Z.AI Lite/Pro/Max: GLM 5.2, 1–12 месяца | F.A.S.T, FULL WARRANTY",Аккаунт Z.ai GLM Coding Lite - 1 Год (Случайный Email),Аккаунт Z.ai GLM Coding Lite - 1 Год (Случайный Email),button,14,,,Lite,12m,new_account,20699.0,True,False,,True,,True,True,True,False,,
ggsel,102109731,https://ggsel.net/catalog/product/102109731,"Купить Апгрейд Z.AI Lite/Pro/Max: GLM 5.2, 1–12 месяца | F.A.S.T, FULL WARRANTY",Апгрейд/Продление: Z.ai GLM Coding Pro - 1 Месяц (Требуется Вход),Апгрейд/Продление: Z.ai GLM Coding Pro - 1 Месяц (Требуется Вход),button,15,,,Pro,1m,own_account,9199.0,True,False,,True,,True,True,True,False,,
ggsel,102109731,https://ggsel.net/catalog/product/102109731,"Купить Апгрейд Z.AI Lite/Pro/Max: GLM 5.2, 1–12 месяца | F.A.S.T, FULL WARRANTY",Аккаунт Z.ai GLM Coding Pro - 1 Месяц (Случайный Email),Аккаунт Z.ai GLM Coding Pro - 1 Месяц (Случайный Email),button,16,,,Pro,1m,new_account,9899.0,True,False,,True,,True,True,True,False,,
ggsel,102109731,https://ggsel.net/catalog/product/102109731,"Купить Апгрейд Z.AI Lite/Pro/Max: GLM 5.2, 1–12 месяца | F.A.S.T, FULL WARRANTY",Апгрейд/Продление: Z.ai GLM Coding Pro - 3 Месяца (Требуется Вход),Апгрейд/Продление: Z.ai GLM Coding Pro - 3 Месяца (Требуется Вход),button,17,,,Pro,3m,own_account,20699.0,True,False,,True,,True,True,True,False,,
ggsel,102109731,https://ggsel.net/catalog/product/102109731,"Купить Апгрейд Z.AI Lite/Pro/Max: GLM 5.2, 1–12 месяца | F.A.S.T, FULL WARRANTY",Аккаунт Z.ai GLM Coding Pro - 3 Месяца (Случайный Email),Аккаунт Z.ai GLM Coding Pro - 3 Месяца (Случайный Email),button,18,,,Pro,3m,new_account,21399.0,True,False,,True,,True,True,True,False,,
ggsel,102109731,https://ggsel.net/catalog/product/102109731,"Купить Апгрейд Z.AI Lite/Pro/Max: GLM 5.2, 1–12 месяца | F.A.S.T, FULL WARRANTY",Апгрейд/Продление: Z.ai GLM Coding Pro - 1 Год (Требуется Вход),Апгрейд/Продление: Z.ai GLM Coding Pro - 1 Год (Требуется Вход),button,19,,,Pro,12m,own_account,73499.0,True,False,,True,,True,True,True,False,,
ggsel,102109731,https://ggsel.net/catalog/product/102109731,"Купить Апгрейд Z.AI Lite/Pro/Max: GLM 5.2, 1–12 месяца | F.A.S.T, FULL WARRANTY",Аккаунт Z.ai GLM Coding Pro - 1 Год (Случайный Email),Аккаунт Z.ai GLM Coding Pro - 1 Год (Случайный Email),button,20,,,Pro,12m,new_account,74299.0,True,False,,True,,True,True,True,False,,
ggsel,102109731,https://ggsel.net/catalog/product/102109731,"Купить Апгрейд Z.AI Lite/Pro/Max: GLM 5.2, 1–12 месяца | F.A.S.T, FULL WARRANTY",Апгрейд/Продление: Z.ai GLM Coding Max - 1 Месяц (Требуется Вход),Апгрейд/Продление: Z.ai GLM Coding Max - 1 Месяц (Требуется Вход),button,21,,,Max,1m,own_account,18399.0,True,False,,True,,True,True,True,False,,
ggsel,102109731,https://ggsel.net/catalog/product/102109731,"Купить Апгрейд Z.AI Lite/Pro/Max: GLM 5.2, 1–12 месяца | F.A.S.T, FULL WARRANTY",Аккаунт Z.ai GLM Coding Max - 1 Месяц (Случайный Email),Аккаунт Z.ai GLM Coding Max - 1 Месяц (Случайный Email),button,22,,,Max,1m,new_account,19099.0,True,False,,True,,True,True,True,False,,
ggsel,102109731,https://ggsel.net/catalog/product/102109731,"Купить Апгрейд Z.AI Lite/Pro/Max: GLM 5.2, 1–12 месяца | F.A.S.T, FULL WARRANTY",Апгрейд/Продление: Z.ai GLM Coding Max - 3 Месяца (Требуется Вход),Апгрейд/Продление: Z.ai GLM Coding Max - 3 Месяца (Требуется Вход),button,23,,,Max,3m,own_account,45899.0,True,False,,True,,True,True,True,False,,
ggsel,102109731,https://ggsel.net/catalog/product/102109731,"Купить Апгрейд Z.AI Lite/Pro/Max: GLM 5.2, 1–12 месяца | F.A.S.T, FULL WARRANTY",Аккаунт Z.ai GLM Coding Max - 3 Месяца (Случайный Email),Аккаунт Z.ai GLM Coding Max - 3 Месяца (Случайный Email),button,24,,,Max,3m,new_account,47499.0,True,False,,True,,True,True,True,False,,
ggsel,102109731,https://ggsel.net/catalog/product/102109731,"Купить Апгрейд Z.AI Lite/Pro/Max: GLM 5.2, 1–12 месяца | F.A.S.T, FULL WARRANTY",Апгрейд/Продление: Z.ai GLM Coding Lite - 1 Месяц (Требуется Вход),Апгрейд/Продление: Z.ai GLM Coding Lite - 1 Месяц (Требуется Вход),button,9,,,Lite,1m,own_account,2299.0,True,False,,True,,True,True,True,False,,
ggsel,102010339,https://ggsel.net/catalog/product/102010339,Купить Z.ai | Подписка GLM Coding Lite/Pro/Max 1-3-12 месяцев,Pro – 1 месяц | Первая регистрация (Лучшая цена),Pro – 1 месяц | Первая регистрация (Лучшая цена),button,12,,,Pro,1m,unknown,9550.0,True,False,,True,,True,True,True,False,,
ggsel,102010339,https://ggsel.net/catalog/product/102010339,Купить Z.ai | Подписка GLM Coding Lite/Pro/Max 1-3-12 месяцев,Max – 1 месяц | Первая регистрация (Лучшая цена),Max – 1 месяц | Первая регистрация (Лучшая цена),button,13,,,Max,1m,unknown,17050.0,True,False,,True,,True,True,True,False,,
ggsel,102010339,https://ggsel.net/catalog/product/102010339,Купить Z.ai | Подписка GLM Coding Lite/Pro/Max 1-3-12 месяцев,Lite – 3 месяца | Первая регистрация (Лучшая цена),Lite – 3 месяца | Первая регистрация (Лучшая цена),button,14,,,Lite,3m,unknown,5800.0,True,False,,True,,True,True,True,False,,
ggsel,102010339,https://ggsel.net/catalog/product/102010339,Купить Z.ai | Подписка GLM Coding Lite/Pro/Max 1-3-12 месяцев,Pro – 3 месяца | Первая регистрация (Лучшая цена),Pro – 3 месяца | Первая регистрация (Лучшая цена),button,15,,,Pro,3m,unknown,21200.0,True,False,,True,,True,True,True,False,,
ggsel,102010339,https://ggsel.net/catalog/product/102010339,Купить Z.ai | Подписка GLM Coding Lite/Pro/Max 1-3-12 месяцев,Max – 3 месяца | Первая регистрация (Лучшая цена),Max – 3 месяца | Первая регистрация (Лучшая цена),button,16,,,Max,3m,unknown,42200.0,True,False,,True,,True,True,True,False,,
ggsel,102010339,https://ggsel.net/catalog/product/102010339,Купить Z.ai | Подписка GLM Coding Lite/Pro/Max 1-3-12 месяцев,Lite – 12 месяца | Первая регистрация (Лучшая цена),Lite – 12 месяца | Первая регистрация (Лучшая цена),button,17,,,Lite,12m,unknown,19200.0,True,False,,True,,True,True,True,False,,
ggsel,102010339,https://ggsel.net/catalog/product/102010339,Купить Z.ai | Подписка GLM Coding Lite/Pro/Max 1-3-12 месяцев,Pro – 12 месяца | Первая регистрация (Лучшая цена),Pro – 12 месяца | Первая регистрация (Лучшая цена),button,18,,,Pro,12m,unknown,67700.0,True,False,,True,,True,True,True,False,,
ggsel,102010339,https://ggsel.net/catalog/product/102010339,Купить Z.ai | Подписка GLM Coding Lite/Pro/Max 1-3-12 месяцев,Max – 12 месяца | Первая регистрация (Лучшая цена),Max – 12 месяца | Первая регистрация (Лучшая цена),button,19,,,Max,12m,unknown,149900.0,True,False,,True,,True,True,True,False,,
ggsel,102010339,https://ggsel.net/catalog/product/102010339,Купить Z.ai | Подписка GLM Coding Lite/Pro/Max 1-3-12 месяцев,Lite – 1 месяц | Продлить подписку,Lite – 1 месяц | Продлить подписку,button,20,,,Lite,1m,unknown,2100.0,True,False,,True,,True,True,True,False,,
ggsel,102010339,https://ggsel.net/catalog/product/102010339,Купить Z.ai | Подписка GLM Coding Lite/Pro/Max 1-3-12 месяцев,Pro – 1 месяц | Продлить подписку,Pro – 1 месяц | Продлить подписку,button,21,,,Pro,1m,unknown,10550.0,True,False,,True,,True,True,True,False,,
ggsel,102010339,https://ggsel.net/catalog/product/102010339,Купить Z.ai | Подписка GLM Coding Lite/Pro/Max 1-3-12 месяцев,Max – 1 месяц | Продлить подписку,Max – 1 месяц | Продлить подписку,button,22,,,Max,1m,unknown,19550.0,True,False,,True,,True,True,True,False,,
ggsel,102010339,https://ggsel.net/catalog/product/102010339,Купить Z.ai | Подписка GLM Coding Lite/Pro/Max 1-3-12 месяцев,Lite – 3 месяц | Продлить подписку,Lite – 3 месяц | Продлить подписку,button,23,,,Lite,3m,unknown,6300.0,True,False,,True,,True,True,True,False,,
ggsel,102010339,https://ggsel.net/catalog/product/102010339,Купить Z.ai | Подписка GLM Coding Lite/Pro/Max 1-3-12 месяцев,Pro – 3 месяц | Продлить подписку,Pro – 3 месяц | Продлить подписку,button,24,,,Pro,3m,unknown,23800.0,True,False,,True,,True,True,True,False,,
ggsel,102010339,https://ggsel.net/catalog/product/102010339,Купить Z.ai | Подписка GLM Coding Lite/Pro/Max 1-3-12 месяцев,Max – 3 месяц | Продлить подписку,Max – 3 месяц | Продлить подписку,button,25,,,Max,3m,unknown,46800.0,True,False,,True,,True,True,True,False,,
ggsel,102010339,https://ggsel.net/catalog/product/102010339,Купить Z.ai | Подписка GLM Coding Lite/Pro/Max 1-3-12 месяцев,Lite – 1 месяц | Первая регистрация (Лучшая цена),Lite – 1 месяц | Первая регистрация (Лучшая цена),button,11,,,Lite,1m,unknown,1800.0,True,False,,True,,True,True,True,False,,
ggsel,102296362,https://ggsel.net/catalog/product/102296362,Купить Z.AI GLM Lite / Pro / Max | Тарифы для программирования GLM-5.2 | активация | Полная гаранти,Z.ai GLM Coding Lite - 3 Месяца,Z.ai GLM Coding Lite - 3 Месяца,button,10,,,Lite,3m,unknown,5299.0,True,False,,True,,True,True,True,False,,
ggsel,102296362,https://ggsel.net/catalog/product/102296362,Купить Z.AI GLM Lite / Pro / Max | Тарифы для программирования GLM-5.2 | активация | Полная гаранти,Z.ai GLM Coding Pro - 1 Месяц,Z.ai GLM Coding Pro - 1 Месяц,button,11,,,Pro,1m,unknown,9285.0,True,False,,True,,True,True,True,False,,
ggsel,102296362,https://ggsel.net/catalog/product/102296362,Купить Z.AI GLM Lite / Pro / Max | Тарифы для программирования GLM-5.2 | активация | Полная гаранти,Z.ai GLM Coding Pro - 3 Месяца,Z.ai GLM Coding Pro - 3 Месяца,button,12,,,Pro,3m,unknown,21998.0,True,False,,True,,True,True,True,False,,
ggsel,102296362,https://ggsel.net/catalog/product/102296362,Купить Z.AI GLM Lite / Pro / Max | Тарифы для программирования GLM-5.2 | активация | Полная гаранти,Z.ai GLM Coding Pro - 1 Год,Z.ai GLM Coding Pro - 1 Год,button,13,,,Pro,12m,unknown,73400.0,True,False,,True,,True,True,True,False,,
ggsel,102296362,https://ggsel.net/catalog/product/102296362,Купить Z.AI GLM Lite / Pro / Max | Тарифы для программирования GLM-5.2 | активация | Полная гаранти,Z.ai GLM Coding Max - 1 Месяц,Z.ai GLM Coding Max - 1 Месяц,button,14,,,Max,1m,unknown,18300.0,True,False,,True,,True,True,True,False,,
ggsel,102296362,https://ggsel.net/catalog/product/102296362,Купить Z.AI GLM Lite / Pro / Max | Тарифы для программирования GLM-5.2 | активация | Полная гаранти,Z.ai GLM Coding Max - 3 Месяца,Z.ai GLM Coding Max - 3 Месяца,button,15,,,Max,3m,unknown,45800.0,True,False,,True,,True,True,True,False,,
ggsel,102296362,https://ggsel.net/catalog/product/102296362,Купить Z.AI GLM Lite / Pro / Max | Тарифы для программирования GLM-5.2 | активация | Полная гаранти,Z.ai GLM Coding Max - 1 Год,Z.ai GLM Coding Max - 1 Год,button,16,,,Max,12m,unknown,147999.0,True,False,,True,,True,True,True,False,,
ggsel,102296362,https://ggsel.net/catalog/product/102296362,Купить Z.AI GLM Lite / Pro / Max | Тарифы для программирования GLM-5.2 | активация | Полная гаранти,Z.ai GLM Coding Lite - 1 Год,Z.ai GLM Coding Lite - 1 Год,button,17,,,Lite,12m,unknown,19799.0,True,False,,True,,True,True,True,False,,
ggsel,102296362,https://ggsel.net/catalog/product/102296362,Купить Z.AI GLM Lite / Pro / Max | Тарифы для программирования GLM-5.2 | активация | Полная гаранти,Z.ai GLM Coding Lite - 1 Месяц,Z.ai GLM Coding Lite - 1 Месяц,button,9,,,Lite,1m,unknown,1999.0,True,False,,True,,True,True,True,False,,
ggsel,102651023,https://ggsel.net/catalog/product/102651023,Купить Подписка Z.ai на Ваш аккаунт,LITE 3 месяца,LITE 3 месяца,button,10,,,Lite,3m,own_account,6750.0,True,False,,True,,True,True,True,False,,
ggsel,102651023,https://ggsel.net/catalog/product/102651023,Купить Подписка Z.ai на Ваш аккаунт,PRO 1 месяц,PRO 1 месяц,button,11,,,Pro,1m,own_account,7990.0,True,False,,True,,True,True,True,False,,
ggsel,102651023,https://ggsel.net/catalog/product/102651023,Купить Подписка Z.ai на Ваш аккаунт,PRO 3 месяца,PRO 3 месяца,button,12,,,Pro,3m,own_account,19990.0,True,False,,True,,True,True,True,False,,
ggsel,102651023,https://ggsel.net/catalog/product/102651023,Купить Подписка Z.ai на Ваш аккаунт,LITE 1 месяц,LITE 1 месяц,button,9,,,Lite,1m,own_account,1990.0,True,False,,True,,True,True,True,False,,
ggsel,102668478,https://ggsel.net/catalog/product/102668478,"Купить Тарифный план Z.ai GLM: Lite/Pro/Max | активация, полная",Подписка на ZAI GLM coding pro ready на 1 месяц(+7 500 ₽),Подписка на ZAI GLM coding pro ready на 1 месяц(+7 500 ₽),label,0,,,Pro,1m,own_account,9390.0,True,False,,True,,True,True,True,False,,
ggsel,102668478,https://ggsel.net/catalog/product/102668478,"Купить Тарифный план Z.ai GLM: Lite/Pro/Max | активация, полная",Подписка на ZAI GLM coding max ready на 1 месяц(+16 000 ₽),Подписка на ZAI GLM coding max ready на 1 месяц(+16 000 ₽),label,1,,,Max,1m,own_account,25390.0,True,False,,True,,True,True,True,False,,
ggsel,102668478,https://ggsel.net/catalog/product/102668478,"Купить Тарифный план Z.ai GLM: Lite/Pro/Max | активация, полная",Подписка ZAI GLM на Codeging Lite на 1 месяц предоставляется клиенту через личный кабинет.,Подписка ZAI GLM на Codeging Lite на 1 месяц предоставляется клиенту через личный кабинет.,label,2,,,Lite,1m,own_account,25390.0,True,False,,True,,False,True,False,False,,
ggsel,102668478,https://ggsel.net/catalog/product/102668478,"Купить Тарифный план Z.ai GLM: Lite/Pro/Max | активация, полная",Подписка на ZAI GLM Codeing Pro на 1 месяц предоставляется клиенту через личный кабинет.(+7 800 ₽),Подписка на ZAI GLM Codeing Pro на 1 месяц предоставляется клиенту через личный кабинет.(+7 800 ₽),label,3,,,Pro,1m,own_account,33190.0,True,False,,True,,True,True,True,False,,
ggsel,102761450,https://ggsel.net/catalog/product/102761450,Купить План Z.ai GLM для написания кода — Lite | Pro | Max,Pro — 1 месяц,Pro — 1 месяц,button,9,,,Pro,1m,unknown,7899.0,True,False,,True,,True,True,True,False,,
ggsel,102761450,https://ggsel.net/catalog/product/102761450,Купить План Z.ai GLM для написания кода — Lite | Pro | Max,Max — 1 месяц,Max — 1 месяц,button,10,,,Max,1m,unknown,15999.0,True,False,,True,,True,True,True,False,,
ggsel,102761450,https://ggsel.net/catalog/product/102761450,Купить План Z.ai GLM для написания кода — Lite | Pro | Max,Lite — 1 месяц,Lite — 1 месяц,button,8,,,Lite,1m,unknown,1999.0,True,False,,True,,True,True,True,False,,
ggsel,102358846,https://ggsel.net/catalog/product/102358846,Купить Z AI | Z.AI | GLM CODING Lite/Pro/Max | 1 MONTH | SUPER FAST | ZAI,Pro 1 Month,Pro 1 Month,button,10,,,Pro,1m,unknown,9000.0,True,False,,True,,True,True,True,False,,
ggsel,102358846,https://ggsel.net/catalog/product/102358846,Купить Z AI | Z.AI | GLM CODING Lite/Pro/Max | 1 MONTH | SUPER FAST | ZAI,Max 1 Month,Max 1 Month,button,11,,,Max,1m,unknown,18000.0,True,False,,True,,True,True,True,False,,
ggsel,102358846,https://ggsel.net/catalog/product/102358846,Купить Z AI | Z.AI | GLM CODING Lite/Pro/Max | 1 MONTH | SUPER FAST | ZAI,Pro 3 Month,Pro 3 Month,button,12,,,Pro,3m,unknown,19000.0,True,False,,True,,True,True,True,False,,
ggsel,102358846,https://ggsel.net/catalog/product/102358846,Купить Z AI | Z.AI | GLM CODING Lite/Pro/Max | 1 MONTH | SUPER FAST | ZAI,Max 3 Month,Max 3 Month,button,13,,,Max,3m,unknown,42000.0,True,False,,True,,True,True,True,False,,
ggsel,102358846,https://ggsel.net/catalog/product/102358846,Купить Z AI | Z.AI | GLM CODING Lite/Pro/Max | 1 MONTH | SUPER FAST | ZAI,Lite 1 Month,Lite 1 Month,button,9,,,Lite,1m,unknown,4000.0,True,False,,True,,True,True,True,False,,
ggsel,102901244,https://ggsel.net/catalog/product/102901244,"Купить Апгрейд Z.AI Lite GLM, 1–12 месяца | F.A.S.T, FULL WARRANTY",Ангрейд/Продление: Z.ai GLM Coding Lite - 1 Месяц (Требуется Вход),Ангрейд/Продление: Z.ai GLM Coding Lite - 1 Месяц (Требуется Вход),button,8,,,Lite,1m,own_account,1870.0,True,False,,True,,False,True,True,False,,
ggsel,102109639,https://ggsel.net/catalog/product/102109639,"Купить Z ai – GLM Coding Lite/Pro/Max, 1 или 3 Месяца",Pro — пакет на 1 месяц,Pro — пакет на 1 месяц,button,10,,,Pro,1m,own_account,8068.0,True,False,,True,,True,True,True,False,,
ggsel,102109639,https://ggsel.net/catalog/product/102109639,"Купить Z ai – GLM Coding Lite/Pro/Max, 1 или 3 Месяца",Lite — пакет на 1 месяц,Lite — пакет на 1 месяц,button,9,,,Lite,1m,own_account,1868.0,True,False,,True,,True,True,True,False,,
ggsel,102234852,https://ggsel.net/catalog/product/102234852,Купить Z AI | Z.ai | Подписка GLM 5.3 Coding Lite/Pro на 1/3/12 месяцев,Pro 1 месяц,Pro 1 месяц,button,10,,,Pro,1m,own_account,7885.0,True,False,,True,,True,True,True,False,,
ggsel,102234852,https://ggsel.net/catalog/product/102234852,Купить Z AI | Z.ai | Подписка GLM 5.3 Coding Lite/Pro на 1/3/12 месяцев,Max 1 месяц,Max 1 месяц,button,11,,,Max,1m,own_account,16530.0,True,False,,True,,True,True,True,False,,
ggsel,102234852,https://ggsel.net/catalog/product/102234852,Купить Z AI | Z.ai | Подписка GLM 5.3 Coding Lite/Pro на 1/3/12 месяцев,Lite 3 месяц,Lite 3 месяц,button,12,,,Lite,3m,own_account,4908.0,True,False,,True,,True,True,True,False,,
ggsel,102234852,https://ggsel.net/catalog/product/102234852,Купить Z AI | Z.ai | Подписка GLM 5.3 Coding Lite/Pro на 1/3/12 месяцев,Pro 3 месяц,Pro 3 месяц,button,13,,,Pro,3m,own_account,19876.0,True,False,,True,,True,True,True,False,,
ggsel,102234852,https://ggsel.net/catalog/product/102234852,Купить Z AI | Z.ai | Подписка GLM 5.3 Coding Lite/Pro на 1/3/12 месяцев,Max 3 месяц,Max 3 месяц,button,14,,,Max,3m,own_account,41410.0,True,False,,True,,True,True,True,False,,
ggsel,102234852,https://ggsel.net/catalog/product/102234852,Купить Z AI | Z.ai | Подписка GLM 5.3 Coding Lite/Pro на 1/3/12 месяцев,Lite 1 год,Lite 1 год,button,15,,,Lite,12m,own_account,16876.0,True,False,,True,,True,True,True,False,,
ggsel,102234852,https://ggsel.net/catalog/product/102234852,Купить Z AI | Z.ai | Подписка GLM 5.3 Coding Lite/Pro на 1/3/12 месяцев,Pro 1 год,Pro 1 год,button,16,,,Pro,12m,own_account,62615.0,True,False,,True,,True,True,True,False,,
ggsel,102234852,https://ggsel.net/catalog/product/102234852,Купить Z AI | Z.ai | Подписка GLM 5.3 Coding Lite/Pro на 1/3/12 месяцев,Max 1 год,Max 1 год,button,17,,,Max,12m,own_account,908741.0,True,True,Max 12m price 908741.0 exceeds 500K (likely UI glitch),True,,True,True,True,False,,
ggsel,102234852,https://ggsel.net/catalog/product/102234852,Купить Z AI | Z.ai | Подписка GLM 5.3 Coding Lite/Pro на 1/3/12 месяцев,Lite 1 месяц,Lite 1 месяц,button,9,,,Lite,1m,own_account,1630.0,True,False,,True,,True,True,True,False,,
ggsel,102495696,https://ggsel.net/catalog/product/102495696,Купить Z.ai GLM Lite / Pro / Max | Coding Plan (GLM-5.2) | Персональная Подписка | ПОЛНАЯ,Z.ai GLM Coding Lite | 3 месяца,Z.ai GLM Coding Lite | 3 месяца,button,10,,,Lite,3m,new_account,4890.0,True,False,,True,,True,True,True,False,,
ggsel,102495696,https://ggsel.net/catalog/product/102495696,Купить Z.ai GLM Lite / Pro / Max | Coding Plan (GLM-5.2) | Персональная Подписка | ПОЛНАЯ,Z.ai GLM Coding Lite | 1 год,Z.ai GLM Coding Lite | 1 год,button,11,,,Lite,12m,new_account,18690.0,True,False,,True,,True,True,True,False,,
ggsel,102495696,https://ggsel.net/catalog/product/102495696,Купить Z.ai GLM Lite / Pro / Max | Coding Plan (GLM-5.2) | Персональная Подписка | ПОЛНАЯ,Z.ai GLM Coding Pro | 1 месяц,Z.ai GLM Coding Pro | 1 месяц,button,12,,,Pro,1m,new_account,8590.0,True,False,,True,,True,True,True,False,,
ggsel,102495696,https://ggsel.net/catalog/product/102495696,Купить Z.ai GLM Lite / Pro / Max | Coding Plan (GLM-5.2) | Персональная Подписка | ПОЛНАЯ,Z.ai GLM Coding Pro | 3 месяца,Z.ai GLM Coding Pro | 3 месяца,button,13,,,Pro,3m,new_account,19490.0,True,False,,True,,True,True,True,False,,
ggsel,102495696,https://ggsel.net/catalog/product/102495696,Купить Z.ai GLM Lite / Pro / Max | Coding Plan (GLM-5.2) | Персональная Подписка | ПОЛНАЯ,Z.ai GLM Coding Pro | 1 год,Z.ai GLM Coding Pro | 1 год,button,14,,,Pro,12m,new_account,69690.0,True,False,,True,,True,True,True,False,,
ggsel,102495696,https://ggsel.net/catalog/product/102495696,Купить Z.ai GLM Lite / Pro / Max | Coding Plan (GLM-5.2) | Персональная Подписка | ПОЛНАЯ,Z.ai GLM Coding Max | 1 месяц,Z.ai GLM Coding Max | 1 месяц,button,15,,,Max,1m,new_account,20490.0,True,False,,True,,True,True,True,False,,
ggsel,102495696,https://ggsel.net/catalog/product/102495696,Купить Z.ai GLM Lite / Pro / Max | Coding Plan (GLM-5.2) | Персональная Подписка | ПОЛНАЯ,Z.ai GLM Coding Max | 3 месяца,Z.ai GLM Coding Max | 3 месяца,button,16,,,Max,3m,new_account,43490.0,True,False,,True,,True,True,True,False,,
ggsel,102495696,https://ggsel.net/catalog/product/102495696,Купить Z.ai GLM Lite / Pro / Max | Coding Plan (GLM-5.2) | Персональная Подписка | ПОЛНАЯ,Z.ai GLM Coding Max | 1 год,Z.ai GLM Coding Max | 1 год,button,17,,,Max,12m,new_account,146090.0,True,False,,True,,True,True,True,False,,
ggsel,102495696,https://ggsel.net/catalog/product/102495696,Купить Z.ai GLM Lite / Pro / Max | Coding Plan (GLM-5.2) | Персональная Подписка | ПОЛНАЯ,Z.ai GLM Coding Lite | 1 месяц,Z.ai GLM Coding Lite | 1 месяц,button,9,,,Lite,1m,new_account,1990.0,True,False,,True,,True,True,True,False,,
ggsel,102618255,https://ggsel.net/catalog/product/102618255,Купить Обновление Z.AI 1/3/12M Подписка | GLM Coding Lite/Pro/Max | Г.арантия/,Z.AI Lite 3 месяц,Z.AI Lite 3 месяц,button,9,,,Lite,3m,own_account,5762.0,True,False,,True,,True,True,True,False,,
ggsel,102618255,https://ggsel.net/catalog/product/102618255,Купить Обновление Z.AI 1/3/12M Подписка | GLM Coding Lite/Pro/Max | Г.арантия/,Z.AI Lite 12 месяц,Z.AI Lite 12 месяц,button,10,,,Lite,12m,own_account,20488.0,True,False,,True,,True,True,True,False,,
ggsel,102618255,https://ggsel.net/catalog/product/102618255,Купить Обновление Z.AI 1/3/12M Подписка | GLM Coding Lite/Pro/Max | Г.арантия/,Z.AI Pro 1 месяц,Z.AI Pro 1 месяц,button,11,,,Pro,1m,own_account,8536.0,True,False,,True,,True,True,True,False,,
ggsel,102618255,https://ggsel.net/catalog/product/102618255,Купить Обновление Z.AI 1/3/12M Подписка | GLM Coding Lite/Pro/Max | Г.арантия/,Z.AI Pro 3 месяц,Z.AI Pro 3 месяц,button,12,,,Pro,3m,own_account,23052.0,True,False,,True,,True,True,True,False,,
ggsel,102618255,https://ggsel.net/catalog/product/102618255,Купить Обновление Z.AI 1/3/12M Подписка | GLM Coding Lite/Pro/Max | Г.арантия/,Z.AI Pro 12 месяц,Z.AI Pro 12 месяц,button,13,,,Pro,12m,own_account,81963.0,True,False,,True,,True,True,True,False,,
ggsel,102618255,https://ggsel.net/catalog/product/102618255,Купить Обновление Z.AI 1/3/12M Подписка | GLM Coding Lite/Pro/Max | Г.арантия/,Z.AI Max 1 месяц,Z.AI Max 1 месяц,button,14,,,Max,1m,own_account,18973.0,True,False,,True,,True,True,True,False,,
ggsel,102618255,https://ggsel.net/catalog/product/102618255,Купить Обновление Z.AI 1/3/12M Подписка | GLM Coding Lite/Pro/Max | Г.арантия/,Z.AI Max 3 месяц,Z.AI Max 3 месяц,button,15,,,Max,3m,own_account,51226.0,True,False,,True,,True,True,True,False,,
ggsel,102618255,https://ggsel.net/catalog/product/102618255,Купить Обновление Z.AI 1/3/12M Подписка | GLM Coding Lite/Pro/Max | Г.арантия/,Z.AI Max 12 месяц,Z.AI Max 12 месяц,button,16,,,Max,12m,own_account,182132.0,True,False,,True,,True,True,True,False,,
ggsel,102618255,https://ggsel.net/catalog/product/102618255,Купить Обновление Z.AI 1/3/12M Подписка | GLM Coding Lite/Pro/Max | Г.арантия/,Z.AI Lite 1 месяц,Z.AI Lite 1 месяц,button,8,,,Lite,1m,own_account,2132.0,True,False,,True,,True,True,True,False,,
ggsel,102483517,https://ggsel.net/catalog/product/102483517,"Купить Z.AI GLM 5 Coding 1-12M | FAST, FULL WARRANTY",Z.ai GLM Coding Lite — 3 месяца,Z.ai GLM Coding Lite — 3 месяца,button,9,,,Lite,3m,own_account,5040.0,True,False,,True,,True,True,True,False,,
ggsel,102483517,https://ggsel.net/catalog/product/102483517,"Купить Z.AI GLM 5 Coding 1-12M | FAST, FULL WARRANTY",Z.ai GLM Coding Lite — 1 год,Z.ai GLM Coding Lite — 1 год,button,10,,,Lite,12m,own_account,19140.0,True,False,,True,,True,True,True,False,,
ggsel,102483517,https://ggsel.net/catalog/product/102483517,"Купить Z.AI GLM 5 Coding 1-12M | FAST, FULL WARRANTY",Z.ai GLM Coding Pro — 1 месяц,Z.ai GLM Coding Pro — 1 месяц,button,11,,,Pro,1m,own_account,7940.0,True,False,,True,,True,True,True,False,,
ggsel,102483517,https://ggsel.net/catalog/product/102483517,"Купить Z.AI GLM 5 Coding 1-12M | FAST, FULL WARRANTY",Z.ai GLM Coding Pro — 3 месяца,Z.ai GLM Coding Pro — 3 месяца,button,12,,,Pro,3m,own_account,70420.0,True,False,,True,,True,True,True,False,,
ggsel,102483517,https://ggsel.net/catalog/product/102483517,"Купить Z.AI GLM 5 Coding 1-12M | FAST, FULL WARRANTY",Z.ai GLM Coding Pro — 1 год,Z.ai GLM Coding Pro — 1 год,button,13,,,Pro,12m,own_account,21040.0,True,False,,True,,True,True,True,False,,
ggsel,102483517,https://ggsel.net/catalog/product/102483517,"Купить Z.AI GLM 5 Coding 1-12M | FAST, FULL WARRANTY",Z.ai GLM Coding Max на 1 месяц,Z.ai GLM Coding Max на 1 месяц,button,14,,,Max,1m,own_account,17440.0,True,False,,True,,True,True,True,False,,
ggsel,102483517,https://ggsel.net/catalog/product/102483517,"Купить Z.AI GLM 5 Coding 1-12M | FAST, FULL WARRANTY",Z.ai GLM Coding Lite — 1 месяц,Z.ai GLM Coding Lite — 1 месяц,button,8,,,Lite,1m,own_account,2050.0,True,False,,True,,True,True,True,False,,
ggsel,102169054,https://ggsel.net/catalog/product/102169054,Купить Z AI | Z.AI ПОКУПКА ПОДПИСКИ 1/3/12m + ПОПОЛНИТЬ БАЛАНСА/КРЕДИТЫ,GLM Coding Pro 1 месяц,GLM Coding Pro 1 месяц,button,10,,,Pro,1m,unknown,8135.0,True,False,,True,,True,True,True,False,,
ggsel,102169054,https://ggsel.net/catalog/product/102169054,Купить Z AI | Z.AI ПОКУПКА ПОДПИСКИ 1/3/12m + ПОПОЛНИТЬ БАЛАНСА/КРЕДИТЫ,GLM Coding Max 1 месяц,GLM Coding Max 1 месяц,button,11,,,Max,1m,unknown,16223.0,True,False,,True,,True,True,True,False,,
ggsel,102169054,https://ggsel.net/catalog/product/102169054,Купить Z AI | Z.AI ПОКУПКА ПОДПИСКИ 1/3/12m + ПОПОЛНИТЬ БАЛАНСА/КРЕДИТЫ,GLM Coding lite 1 месяц,GLM Coding lite 1 месяц,button,9,,,Lite,1m,unknown,2199.0,True,False,,True,,True,True,True,False,,
ggsel,102854421,https://ggsel.net/catalog/product/102854421,Купить Z.ai GLM Lite / Pro / Max | Coding Plan (GLM-5.2) | ЛИЧНАЯ ПОДПИСКА | ПОЛНАЯ,Аккаунт Z.ai GLM Coding Lite — 1 месяц (случайная почта),Аккаунт Z.ai GLM Coding Lite — 1 месяц (случайная почта),button,10,,,Lite,1m,new_account,2099.0,True,False,,True,,True,True,True,False,,
ggsel,102854421,https://ggsel.net/catalog/product/102854421,Купить Z.ai GLM Lite / Pro / Max | Coding Plan (GLM-5.2) | ЛИЧНАЯ ПОДПИСКА | ПОЛНАЯ,Обновление/Продление: Z.ai GLM Coding Lite — 3 месяца (нужен вход),Обновление/Продление: Z.ai GLM Coding Lite — 3 месяца (нужен вход),button,11,,,Lite,3m,own_account,5069.0,True,False,,True,,True,True,True,False,,
ggsel,102854421,https://ggsel.net/catalog/product/102854421,Купить Z.ai GLM Lite / Pro / Max | Coding Plan (GLM-5.2) | ЛИЧНАЯ ПОДПИСКА | ПОЛНАЯ,Аккаунт Z.ai GLM Coding Lite — 3 месяца (случайная почта),Аккаунт Z.ai GLM Coding Lite — 3 месяца (случайная почта),button,12,,,Lite,3m,new_account,5099.0,True,False,,True,,True,True,True,False,,
ggsel,102854421,https://ggsel.net/catalog/product/102854421,Купить Z.ai GLM Lite / Pro / Max | Coding Plan (GLM-5.2) | ЛИЧНАЯ ПОДПИСКА | ПОЛНАЯ,Обновление/Продление: Z.ai GLM Coding Lite — 1 год (нужен вход),Обновление/Продление: Z.ai GLM Coding Lite — 1 год (нужен вход),button,13,,,Lite,12m,own_account,18969.0,True,False,,True,,True,True,True,False,,
ggsel,102854421,https://ggsel.net/catalog/product/102854421,Купить Z.ai GLM Lite / Pro / Max | Coding Plan (GLM-5.2) | ЛИЧНАЯ ПОДПИСКА | ПОЛНАЯ,Аккаунт Z.ai GLM Coding Lite — 1 год (случайная почта),Аккаунт Z.ai GLM Coding Lite — 1 год (случайная почта),button,14,,,Lite,12m,new_account,18999.0,True,False,,True,,True,True,True,False,,
ggsel,102854421,https://ggsel.net/catalog/product/102854421,Купить Z.ai GLM Lite / Pro / Max | Coding Plan (GLM-5.2) | ЛИЧНАЯ ПОДПИСКА | ПОЛНАЯ,Обновление/Продление: Z.ai GLM Coding Pro — 1 месяц (нужен вход),Обновление/Продление: Z.ai GLM Coding Pro — 1 месяц (нужен вход),button,15,,,Pro,1m,own_account,8679.0,True,False,,True,,True,True,True,False,,
ggsel,102854421,https://ggsel.net/catalog/product/102854421,Купить Z.ai GLM Lite / Pro / Max | Coding Plan (GLM-5.2) | ЛИЧНАЯ ПОДПИСКА | ПОЛНАЯ,Аккаунт Z.ai GLM Coding Pro — 1 месяц (случайная почта),Аккаунт Z.ai GLM Coding Pro — 1 месяц (случайная почта),button,16,,,Pro,1m,new_account,8709.0,True,False,,True,,True,True,True,False,,
ggsel,102854421,https://ggsel.net/catalog/product/102854421,Купить Z.ai GLM Lite / Pro / Max | Coding Plan (GLM-5.2) | ЛИЧНАЯ ПОДПИСКА | ПОЛНАЯ,Обновление/Продление: Z.ai GLM Coding Pro — 3 месяца (нужен вход),Обновление/Продление: Z.ai GLM Coding Pro — 3 месяца (нужен вход),button,17,,,Pro,3m,own_account,19409.0,True,False,,True,,True,True,True,False,,
ggsel,102854421,https://ggsel.net/catalog/product/102854421,Купить Z.ai GLM Lite / Pro / Max | Coding Plan (GLM-5.2) | ЛИЧНАЯ ПОДПИСКА | ПОЛНАЯ,Аккаунт Z.ai GLM Coding Pro — 3 месяца (случайная почта),Аккаунт Z.ai GLM Coding Pro — 3 месяца (случайная почта),button,18,,,Pro,3m,new_account,19439.0,True,False,,True,,True,True,True,True,19439,
ggsel,102854421,https://ggsel.net/catalog/product/102854421,Купить Z.ai GLM Lite / Pro / Max | Coding Plan (GLM-5.2) | ЛИЧНАЯ ПОДПИСКА | ПОЛНАЯ,Обновление/Продление: Z.ai GLM Coding Pro — 1 год (нужен вход),Обновление/Продление: Z.ai GLM Coding Pro — 1 год (нужен вход),button,19,,,Pro,12m,own_account,71739.0,True,False,,True,,True,True,True,False,,
ggsel,102854421,https://ggsel.net/catalog/product/102854421,Купить Z.ai GLM Lite / Pro / Max | Coding Plan (GLM-5.2) | ЛИЧНАЯ ПОДПИСКА | ПОЛНАЯ,Аккаунт Z.ai GLM Coding Pro — 1 год (случайная почта),Аккаунт Z.ai GLM Coding Pro — 1 год (случайная почта),button,20,,,Pro,12m,new_account,71769.0,True,False,,True,,True,True,True,False,,
ggsel,102854421,https://ggsel.net/catalog/product/102854421,Купить Z.ai GLM Lite / Pro / Max | Coding Plan (GLM-5.2) | ЛИЧНАЯ ПОДПИСКА | ПОЛНАЯ,Обновление/Продление: Z.ai GLM Coding Max — 1 месяц (нужен вход),Обновление/Продление: Z.ai GLM Coding Max — 1 месяц (нужен вход),button,21,,,Max,1m,own_account,17689.0,True,False,,True,,True,True,True,False,,
ggsel,102854421,https://ggsel.net/catalog/product/102854421,Купить Z.ai GLM Lite / Pro / Max | Coding Plan (GLM-5.2) | ЛИЧНАЯ ПОДПИСКА | ПОЛНАЯ,Аккаунт Z.ai GLM Coding Max — 1 месяц (случайная почта),Аккаунт Z.ai GLM Coding Max — 1 месяц (случайная почта),button,22,,,Max,1m,new_account,17719.0,True,False,,True,,True,True,True,False,,
ggsel,102854421,https://ggsel.net/catalog/product/102854421,Купить Z.ai GLM Lite / Pro / Max | Coding Plan (GLM-5.2) | ЛИЧНАЯ ПОДПИСКА | ПОЛНАЯ,Обновление/Продление: Z.ai GLM Coding Max — 3 месяца (нужен вход),Обновление/Продление: Z.ai GLM Coding Max — 3 месяца (нужен вход),button,23,,,Max,3m,own_account,44554.0,True,False,,True,,True,True,True,False,,
ggsel,102854421,https://ggsel.net/catalog/product/102854421,Купить Z.ai GLM Lite / Pro / Max | Coding Plan (GLM-5.2) | ЛИЧНАЯ ПОДПИСКА | ПОЛНАЯ,Аккаунт Z.ai GLM Coding Max — 3 месяца (случайная почта),Аккаунт Z.ai GLM Coding Max — 3 месяца (случайная почта),button,24,,,Max,3m,new_account,44569.0,True,False,,True,,True,True,True,False,,
ggsel,102854421,https://ggsel.net/catalog/product/102854421,Купить Z.ai GLM Lite / Pro / Max | Coding Plan (GLM-5.2) | ЛИЧНАЯ ПОДПИСКА | ПОЛНАЯ,Обновление/Продление: Z.ai GLM Coding Lite — 1 месяц (нужен вход),Обновление/Продление: Z.ai GLM Coding Lite — 1 месяц (нужен вход),button,9,,,Lite,1m,own_account,2069.0,True,False,,True,,True,True,True,False,,
ggsel,102821255,https://ggsel.net/catalog/product/102821255,Купить Z.Ai - 1 месяц / Все тарифные планы / Официальная подписка / Полная,План Pro / 1 месяц,План Pro / 1 месяц,button,9,,,Pro,1m,unknown,10502.0,True,False,,True,,True,True,True,False,,
ggsel,102821255,https://ggsel.net/catalog/product/102821255,Купить Z.Ai - 1 месяц / Все тарифные планы / Официальная подписка / Полная,Лайт-план / 1 месяц,Лайт-план / 1 месяц,button,8,,,Lite,1m,unknown,2256.0,True,False,,True,,True,True,True,False,,
ggsel,103120617,https://ggsel.net/catalog/product/103120617,"Купить Подписка Z.AI GLM Lite / Pro / Max, 1–12 месяца",Z.AI GLM Coding LITE | 3 месяца,Z.AI GLM Coding LITE | 3 месяца,button,10,,,Lite,3m,unknown,5147.0,True,False,,True,,True,True,True,False,,
ggsel,103120617,https://ggsel.net/catalog/product/103120617,"Купить Подписка Z.AI GLM Lite / Pro / Max, 1–12 месяца",Z.AI GLM Coding LITE | 12 месяцев,Z.AI GLM Coding LITE | 12 месяцев,button,11,,,Lite,12m,unknown,18710.0,True,False,,True,,True,True,True,False,,
ggsel,103120617,https://ggsel.net/catalog/product/103120617,"Купить Подписка Z.AI GLM Lite / Pro / Max, 1–12 месяца",Z.AI GLM Coding PRO | 1 месяц,Z.AI GLM Coding PRO | 1 месяц,button,12,,,Pro,1m,unknown,9701.0,True,False,,True,,True,True,True,False,,
ggsel,103120617,https://ggsel.net/catalog/product/103120617,"Купить Подписка Z.AI GLM Lite / Pro / Max, 1–12 месяца",Z.AI GLM Coding PRO | 3 месяца,Z.AI GLM Coding PRO | 3 месяца,button,13,,,Pro,3m,unknown,21482.0,True,False,,True,,True,True,True,False,,
ggsel,103120617,https://ggsel.net/catalog/product/103120617,"Купить Подписка Z.AI GLM Lite / Pro / Max, 1–12 месяца",Z.AI GLM Coding PRO | 12 месяцев,Z.AI GLM Coding PRO | 12 месяцев,button,14,,,Pro,12m,unknown,72170.0,True,False,,True,,True,True,True,False,,
ggsel,103120617,https://ggsel.net/catalog/product/103120617,"Купить Подписка Z.AI GLM Lite / Pro / Max, 1–12 месяца",Z.AI GLM Coding MAX | 1 месяц,Z.AI GLM Coding MAX | 1 месяц,button,15,,,Max,1m,unknown,18512.0,True,False,,True,,True,True,True,False,,
ggsel,103120617,https://ggsel.net/catalog/product/103120617,"Купить Подписка Z.AI GLM Lite / Pro / Max, 1–12 месяца",Z.AI GLM Coding MAX | 3 месяца,Z.AI GLM Coding MAX | 3 месяца,button,16,,,Max,3m,unknown,47222.0,True,False,,True,,True,True,True,False,,
ggsel,103120617,https://ggsel.net/catalog/product/103120617,"Купить Подписка Z.AI GLM Lite / Pro / Max, 1–12 месяца",Z.AI GLM Coding MAX | 12 месяцев,Z.AI GLM Coding MAX | 12 месяцев,button,17,,,Max,12m,unknown,144836.0,True,False,,True,,True,True,True,False,,
ggsel,103120617,https://ggsel.net/catalog/product/103120617,"Купить Подписка Z.AI GLM Lite / Pro / Max, 1–12 месяца",Z.AI GLM Coding LITE | 1 месяц,Z.AI GLM Coding LITE | 1 месяц,button,9,,,Lite,1m,unknown,2177.0,True,False,,True,,True,True,True,False,,
ggsel,102583131,https://ggsel.net/catalog/product/102583131,Купить Подписка Z AI Z.Ai | Официальная оплата | 1/3/12 месяцев,Z AI Coding Lite 3 месяца,Z AI Coding Lite 3 месяца,button,9,,,Lite,3m,unknown,5560.0,True,False,,True,,True,True,True,False,,
ggsel,102583131,https://ggsel.net/catalog/product/102583131,Купить Подписка Z AI Z.Ai | Официальная оплата | 1/3/12 месяцев,Z AI Coding Lite 1 год,Z AI Coding Lite 1 год,button,10,,,Lite,12m,unknown,16560.0,True,False,,True,,True,True,True,False,,
ggsel,102583131,https://ggsel.net/catalog/product/102583131,Купить Подписка Z AI Z.Ai | Официальная оплата | 1/3/12 месяцев,Z AI Coding Pro 1 месяц,Z AI Coding Pro 1 месяц,button,11,,,Pro,1m,unknown,8260.0,True,False,,True,,True,True,True,False,,
ggsel,102583131,https://ggsel.net/catalog/product/102583131,Купить Подписка Z AI Z.Ai | Официальная оплата | 1/3/12 месяцев,Z AI Coding Pro 3 месяца,Z AI Coding Pro 3 месяца,button,12,,,Pro,3m,unknown,19360.0,True,False,,True,,True,True,True,False,,
ggsel,102583131,https://ggsel.net/catalog/product/102583131,Купить Подписка Z AI Z.Ai | Официальная оплата | 1/3/12 месяцев,Z AI Coding Max 1 месяц,Z AI Coding Max 1 месяц,button,13,,,Max,1m,unknown,16519.0,True,False,,True,,True,True,True,False,,
ggsel,102583131,https://ggsel.net/catalog/product/102583131,Купить Подписка Z AI Z.Ai | Официальная оплата | 1/3/12 месяцев,Z AI Coding Lite 1 месяц,Z AI Coding Lite 1 месяц,button,8,,,Lite,1m,unknown,2360.0,True,False,,True,,True,True,True,False,,
ggsel,102104408,https://ggsel.net/catalog/product/102104408,"Купить Z Ai / Z.ai | Lite, Pro, Max | 1, 3, 12 месяца | Ваш аккаунт",Pro | Месяц,Pro | Месяц,button,10,,,Pro,1m,own_account,10949.0,True,False,,True,,True,True,True,False,,
ggsel,102104408,https://ggsel.net/catalog/product/102104408,"Купить Z Ai / Z.ai | Lite, Pro, Max | 1, 3, 12 месяца | Ваш аккаунт",Max | Месяц,Max | Месяц,button,11,,,Max,1m,own_account,22849.0,True,False,,True,,True,True,True,False,,
ggsel,102104408,https://ggsel.net/catalog/product/102104408,"Купить Z Ai / Z.ai | Lite, Pro, Max | 1, 3, 12 месяца | Ваш аккаунт",Lite | 3 месяца | Есть скидка (первая подписка на аккаунте),Lite | 3 месяца | Есть скидка (первая подписка на аккаунте),button,12,,,Lite,3m,own_account,6049.0,True,False,,True,,True,True,True,False,,
ggsel,102104408,https://ggsel.net/catalog/product/102104408,"Купить Z Ai / Z.ai | Lite, Pro, Max | 1, 3, 12 месяца | Ваш аккаунт",Lite | 3 месяца | Нет скидки (продление подписки),Lite | 3 месяца | Нет скидки (продление подписки),button,13,,,Lite,3m,own_account,7449.0,True,False,,True,,True,True,True,False,,
ggsel,102104408,https://ggsel.net/catalog/product/102104408,"Купить Z Ai / Z.ai | Lite, Pro, Max | 1, 3, 12 месяца | Ваш аккаунт",Pro | 3 месяца | Есть скидка (первая подписка на аккаунте),Pro | 3 месяца | Есть скидка (первая подписка на аккаунте),button,14,,,Pro,3m,own_account,25999.0,True,False,,True,,True,True,True,False,,
ggsel,102104408,https://ggsel.net/catalog/product/102104408,"Купить Z Ai / Z.ai | Lite, Pro, Max | 1, 3, 12 месяца | Ваш аккаунт",Pro | 3 месяца | Нет скидки (продление подписки),Pro | 3 месяца | Нет скидки (продление подписки),button,15,,,Pro,3m,own_account,272949.0,True,False,,True,,True,True,True,False,,
ggsel,102104408,https://ggsel.net/catalog/product/102104408,"Купить Z Ai / Z.ai | Lite, Pro, Max | 1, 3, 12 месяца | Ваш аккаунт",Lite | Год | Есть скидка (первая подписка на аккаунте),Lite | Год | Есть скидка (первая подписка на аккаунте),button,16,,,Lite,12m,own_account,20649.0,True,False,,True,,True,True,True,False,,
ggsel,102104408,https://ggsel.net/catalog/product/102104408,"Купить Z Ai / Z.ai | Lite, Pro, Max | 1, 3, 12 месяца | Ваш аккаунт",Lite | Год | Нет скидки (продление подписки),Lite | Год | Нет скидки (продление подписки),button,17,,,Lite,12m,own_account,29199.0,True,False,,True,,True,True,True,False,,
ggsel,102104408,https://ggsel.net/catalog/product/102104408,"Купить Z Ai / Z.ai | Lite, Pro, Max | 1, 3, 12 месяца | Ваш аккаунт",Lite | Месяц,Lite | Месяц,button,9,,,Lite,1m,own_account,2449.0,True,False,,True,,True,True,True,False,,
ggsel,102303683,https://ggsel.net/catalog/product/102303683,Купить Обновление Z.AI 1/3/12M Подписка | GLM Coding Lite/Pro/Max | Г.арантия/,Z.AI Lite 3 месяц,Z.AI Lite 3 месяц,button,9,,,Lite,3m,own_account,6723.0,True,False,,True,,True,True,True,False,,
ggsel,102303683,https://ggsel.net/catalog/product/102303683,Купить Обновление Z.AI 1/3/12M Подписка | GLM Coding Lite/Pro/Max | Г.арантия/,Z.AI Lite 12 месяц,Z.AI Lite 12 месяц,button,10,,,Lite,12m,own_account,23904.0,True,False,,True,,True,True,True,False,,
ggsel,102303683,https://ggsel.net/catalog/product/102303683,Купить Обновление Z.AI 1/3/12M Подписка | GLM Coding Lite/Pro/Max | Г.арантия/,Z.AI Pro 1 месяц,Z.AI Pro 1 месяц,button,11,,,Pro,1m,own_account,9960.0,True,False,,True,,True,True,True,False,,
ggsel,102303683,https://ggsel.net/catalog/product/102303683,Купить Обновление Z.AI 1/3/12M Подписка | GLM Coding Lite/Pro/Max | Г.арантия/,Z.AI Pro 3 месяц,Z.AI Pro 3 месяц,button,12,,,Pro,3m,own_account,26894.0,True,False,,True,,True,True,True,False,,
ggsel,102303683,https://ggsel.net/catalog/product/102303683,Купить Обновление Z.AI 1/3/12M Подписка | GLM Coding Lite/Pro/Max | Г.арантия/,Z.AI Pro 12 месяц,Z.AI Pro 12 месяц,button,13,,,Pro,12m,own_account,95624.0,True,False,,True,,True,True,True,False,,
ggsel,102303683,https://ggsel.net/catalog/product/102303683,Купить Обновление Z.AI 1/3/12M Подписка | GLM Coding Lite/Pro/Max | Г.арантия/,Z.AI Max 1 месяц,Z.AI Max 1 месяц,button,14,,,Max,1m,own_account,22136.0,True,False,,True,,True,True,True,False,,
ggsel,102303683,https://ggsel.net/catalog/product/102303683,Купить Обновление Z.AI 1/3/12M Подписка | GLM Coding Lite/Pro/Max | Г.арантия/,Z.AI Max 3 месяц,Z.AI Max 3 месяц,button,15,,,Max,3m,own_account,59765.0,True,False,,True,,True,True,True,False,,
ggsel,102303683,https://ggsel.net/catalog/product/102303683,Купить Обновление Z.AI 1/3/12M Подписка | GLM Coding Lite/Pro/Max | Г.арантия/,Z.AI Max 12 месяц,Z.AI Max 12 месяц,button,16,,,Max,12m,own_account,212488.0,True,False,,True,,True,True,True,False,,
ggsel,102303683,https://ggsel.net/catalog/product/102303683,Купить Обновление Z.AI 1/3/12M Подписка | GLM Coding Lite/Pro/Max | Г.арантия/,Z.AI Lite 1 месяц,Z.AI Lite 1 месяц,button,8,,,Lite,1m,own_account,2488.0,True,False,,True,,True,True,True,False,,
ggsel,4378425,https://ggsel.net/catalog/product/4378425,Купить 24/7 | ChatGPT 6 (ASTRA) + 5.6 PLUS | ПОДПИСКА ЧЕРЕЗ ТОКЕН | 1M | ЧатГПТ,Plus 1 Месяц,Plus 1 Месяц,button,10,,,Plus,1m,own_account,2199.0,True,False,,True,,False,True,True,False,,
ggsel,102124065,https://ggsel.net/catalog/product/102124065,Купить 24/7 | Claude AI FABLE 5.5 | PRO | Подписка AI | 1 МЕСЯЦ | Клод АИ,[24/7] Pro 1 Месяц,[24/7] Pro 1 Месяц,button,10,,,Pro,1m,unknown,2289.0,True,False,,True,,False,True,True,False,,
ggsel,103159650,https://ggsel.net/catalog/product/103159650,Купить Z.ai GLM Coding Lite Pro Max 1-12 месяцев Полная,Аккаунт Z.ai GLM Coding Lite — 1 месяц (случайный Email),Аккаунт Z.ai GLM Coding Lite — 1 месяц (случайный Email),button,9,,,Lite,1m,new_account,2450.0,True,False,,True,,True,True,True,False,,
ggsel,103159650,https://ggsel.net/catalog/product/103159650,Купить Z.ai GLM Coding Lite Pro Max 1-12 месяцев Полная,Продление/Апгрейд: Z.ai GLM Coding Lite — 3 месяца (требуется вход),Продление/Апгрейд: Z.ai GLM Coding Lite — 3 месяца (требуется вход),button,10,,,Lite,3m,own_account,5600.0,True,False,,True,,True,True,True,False,,
ggsel,103159650,https://ggsel.net/catalog/product/103159650,Купить Z.ai GLM Coding Lite Pro Max 1-12 месяцев Полная,Аккаунт Z.ai GLM Coding Lite — 3 месяца (случайный Email),Аккаунт Z.ai GLM Coding Lite — 3 месяца (случайный Email),button,11,,,Lite,3m,new_account,5700.0,True,False,,True,,True,True,True,False,,
ggsel,103159650,https://ggsel.net/catalog/product/103159650,Купить Z.ai GLM Coding Lite Pro Max 1-12 месяцев Полная,Продление/Апгрейд: Z.ai GLM Coding Lite — 1 год (требуется вход),Продление/Апгрейд: Z.ai GLM Coding Lite — 1 год (требуется вход),button,12,,,Lite,12m,own_account,21500.0,True,False,,True,,True,True,True,False,,
ggsel,103159650,https://ggsel.net/catalog/product/103159650,Купить Z.ai GLM Coding Lite Pro Max 1-12 месяцев Полная,Аккаунт Z.ai GLM Coding Lite — 1 год (случайный Email),Аккаунт Z.ai GLM Coding Lite — 1 год (случайный Email),button,13,,,Lite,12m,new_account,21650.0,True,False,,True,,True,True,True,False,,
ggsel,103159650,https://ggsel.net/catalog/product/103159650,Купить Z.ai GLM Coding Lite Pro Max 1-12 месяцев Полная,Продление/Апгрейд: Z.ai GLM Coding Pro — 1 месяц (требуется вход),Продление/Апгрейд: Z.ai GLM Coding Pro — 1 месяц (требуется вход),button,14,,,Pro,1m,own_account,9850.0,True,False,,True,,True,True,True,False,,
ggsel,103159650,https://ggsel.net/catalog/product/103159650,Купить Z.ai GLM Coding Lite Pro Max 1-12 месяцев Полная,Аккаунт Z.ai GLM Coding Pro — 1 месяц (случайный Email),Аккаунт Z.ai GLM Coding Pro — 1 месяц (случайный Email),button,15,,,Pro,1m,new_account,10000.0,True,False,,True,,True,True,True,False,,
ggsel,103159650,https://ggsel.net/catalog/product/103159650,Купить Z.ai GLM Coding Lite Pro Max 1-12 месяцев Полная,Продление/Апгрейд: Z.ai GLM Coding Pro — 3 месяца (требуется вход),Продление/Апгрейд: Z.ai GLM Coding Pro — 3 месяца (требуется вход),button,16,,,Pro,3m,own_account,22150.0,True,False,,True,,True,True,True,False,,
ggsel,103159650,https://ggsel.net/catalog/product/103159650,Купить Z.ai GLM Coding Lite Pro Max 1-12 месяцев Полная,Аккаунт Z.ai GLM Coding Pro — 3 месяца (случайный Email),Аккаунт Z.ai GLM Coding Pro — 3 месяца (случайный Email),button,17,,,Pro,3m,new_account,22350.0,True,False,,True,,True,True,True,False,,
ggsel,103159650,https://ggsel.net/catalog/product/103159650,Купить Z.ai GLM Coding Lite Pro Max 1-12 месяцев Полная,Продление/Апгрейд: Z.ai GLM Coding Pro — 1 год (требуется вход),Продление/Апгрейд: Z.ai GLM Coding Pro — 1 год (требуется вход),button,18,,,Pro,12m,own_account,80700.0,True,False,,True,,True,True,True,False,,
ggsel,103159650,https://ggsel.net/catalog/product/103159650,Купить Z.ai GLM Coding Lite Pro Max 1-12 месяцев Полная,Аккаунт Z.ai GLM Coding Pro — 1 год (случайный Email),Аккаунт Z.ai GLM Coding Pro — 1 год (случайный Email),button,19,,,Pro,12m,new_account,80850.0,True,False,,True,,True,True,True,False,,
ggsel,103159650,https://ggsel.net/catalog/product/103159650,Купить Z.ai GLM Coding Lite Pro Max 1-12 месяцев Полная,Продление/Апгрейд: Z.ai GLM Coding Max — 1 месяц (требуется вход),Продление/Апгрейд: Z.ai GLM Coding Max — 1 месяц (требуется вход),button,20,,,Max,1m,own_account,19850.0,True,False,,True,,True,True,True,False,,
ggsel,103159650,https://ggsel.net/catalog/product/103159650,Купить Z.ai GLM Coding Lite Pro Max 1-12 месяцев Полная,Аккаунт Z.ai GLM Coding Max — 1 месяц (случайный Email),Аккаунт Z.ai GLM Coding Max — 1 месяц (случайный Email),button,21,,,Max,1m,new_account,20050.0,True,False,,True,,True,True,True,False,,
ggsel,103159650,https://ggsel.net/catalog/product/103159650,Купить Z.ai GLM Coding Lite Pro Max 1-12 месяцев Полная,Продление/Апгрейд: Z.ai GLM Coding Max — 3 месяца (требуется вход),Продление/Апгрейд: Z.ai GLM Coding Max — 3 месяца (требуется вход),button,22,,,Max,3m,own_account,50250.0,True,False,,True,,True,True,True,False,,
ggsel,103159650,https://ggsel.net/catalog/product/103159650,Купить Z.ai GLM Coding Lite Pro Max 1-12 месяцев Полная,Аккаунт Z.ai GLM Coding Max — 3 месяца (случайный Email),Аккаунт Z.ai GLM Coding Max — 3 месяца (случайный Email),button,23,,,Max,3m,new_account,50450.0,True,False,,True,,True,True,True,False,,
ggsel,103159650,https://ggsel.net/catalog/product/103159650,Купить Z.ai GLM Coding Lite Pro Max 1-12 месяцев Полная,Продление/Апгрейд: Z.ai GLM Coding Max — 1 год (требуется вход),Продление/Апгрейд: Z.ai GLM Coding Max — 1 год (требуется вход),button,24,,,Max,12m,own_account,168350.0,True,False,,True,,True,True,True,False,,
ggsel,103159650,https://ggsel.net/catalog/product/103159650,Купить Z.ai GLM Coding Lite Pro Max 1-12 месяцев Полная,Аккаунт Z.ai GLM Coding Max — 1 год (случайный Email),Аккаунт Z.ai GLM Coding Max — 1 год (случайный Email),button,25,,,Max,12m,new_account,170350.0,True,False,,True,,True,True,True,False,,
ggsel,103159650,https://ggsel.net/catalog/product/103159650,Купить Z.ai GLM Coding Lite Pro Max 1-12 месяцев Полная,Продление/Апгрейд: Z.ai GLM Coding Lite — 1 месяц (требуется вход),Продление/Апгрейд: Z.ai GLM Coding Lite — 1 месяц (требуется вход),button,8,,,Lite,1m,own_account,2350.0,True,False,,True,,True,True,True,False,,
ggsel,3650076,https://ggsel.net/catalog/product/3650076,Купить 24/7 | ChatGPT 6 PLUS | 1 Месяц | ПОДПИСКА ЧЕРЕЗ ТОКЕН | АВТО | ЧатГПТ,Plus 1 месяц,Plus 1 месяц,button,9,,,Plus,1m,own_account,2299.0,True,False,,True,,False,True,True,False,,
ggsel,102821386,https://ggsel.net/catalog/product/102821386,"Купить 24/7 | Google AI Pro + One 5 ТБ 12 месяцев на ваш Gmail | Gemini 3.8, Omni, Nano Banana, Antigravity",Google AI Pro на 12 месяцев | На ВАШ аккаунт по ссылке | Любой регион | Автовыдача 24/7,Google AI Pro на 12 месяцев | На ВАШ аккаунт по ссылке | Любой регион | Автовыдача 24/7,button,9,,,Pro,12m,own_account,999.0,True,False,,True,,False,True,True,False,,
ggsel,100610899,https://ggsel.net/catalog/product/100610899,"Купить [Авто 24/7] AntiGravity | Gemini AI Pro 12 месяцев, 5TB, Model 3.5 Pro, veo3.1, Nano Banana",Google AI Pro | 12 месяц | Создать для вас новый аккаунт,Google AI Pro | 12 месяц | Создать для вас новый аккаунт,button,10,,,Pro,12m,new_account,1299.0,True,False,,True,,True,True,True,False,,
ggsel,100610899,https://ggsel.net/catalog/product/100610899,"Купить [Авто 24/7] AntiGravity | Gemini AI Pro 12 месяцев, 5TB, Model 3.5 Pro, veo3.1, Nano Banana",Google AI + AntiGravity Pro | 12 месяц | Создать для вас новый аккаунт,Google AI + AntiGravity Pro | 12 месяц | Создать для вас новый аккаунт,button,11,,,Pro,12m,new_account,1499.0,True,False,,True,,True,True,True,False,,
ggsel,100610899,https://ggsel.net/catalog/product/100610899,"Купить [Авто 24/7] AntiGravity | Gemini AI Pro 12 месяцев, 5TB, Model 3.5 Pro, veo3.1, Nano Banana",Google AI Pro | 12 месяц | Ваш аккаунт | любой регион,Google AI Pro | 12 месяц | Ваш аккаунт | любой регион,button,9,,,Pro,12m,own_account,999.0,True,False,,True,,True,True,True,False,,
ggsel,4658858,https://ggsel.net/catalog/product/4658858,Купить 24/7 | ChatGPT 6 PRO 100 | 200 | 500 | 1 Месяц | ПОДПИСКА ЧЕРЕЗ ТОКЕН | АВТО | ЧатГПТ,2 - Продлить подписку [АВТО] | PRO 200 | ЧЕРЕЗ ТОКЕН,2 - Продлить подписку [АВТО] | PRO 200 | ЧЕРЕЗ ТОКЕН,button,10,,,Pro,1m,own_account,23498.0,True,False,,True,,True,True,True,False,,
ggsel,4658858,https://ggsel.net/catalog/product/4658858,Купить 24/7 | ChatGPT 6 PRO 100 | 200 | 500 | 1 Месяц | ПОДПИСКА ЧЕРЕЗ ТОКЕН | АВТО | ЧатГПТ,3 - Продлить подписку [АВТО] | PRO 500 | ЧЕРЕЗ ТОКЕН,3 - Продлить подписку [АВТО] | PRO 500 | ЧЕРЕЗ ТОКЕН,button,11,,,Pro,1m,own_account,64499.0,True,False,,True,,True,True,True,False,,
ggsel,4658858,https://ggsel.net/catalog/product/4658858,Купить 24/7 | ChatGPT 6 PRO 100 | 200 | 500 | 1 Месяц | ПОДПИСКА ЧЕРЕЗ ТОКЕН | АВТО | ЧатГПТ,4 - Продлить подписку [РУЧНАЯ] | PRO 100 | ЧЕРЕЗ ДАННЫЕ,4 - Продлить подписку [РУЧНАЯ] | PRO 100 | ЧЕРЕЗ ДАННЫЕ,button,12,,,Pro,1m,own_account,11498.0,True,False,,True,,True,True,True,False,,
ggsel,4658858,https://ggsel.net/catalog/product/4658858,Купить 24/7 | ChatGPT 6 PRO 100 | 200 | 500 | 1 Месяц | ПОДПИСКА ЧЕРЕЗ ТОКЕН | АВТО | ЧатГПТ,5 - Продлить подписку [РУЧНАЯ] | PRO 200 | ЧЕРЕЗ ДАННЫЕ,5 - Продлить подписку [РУЧНАЯ] | PRO 200 | ЧЕРЕЗ ДАННЫЕ,button,13,,,Pro,1m,own_account,25498.0,True,False,,True,,True,True,True,False,,
ggsel,4658858,https://ggsel.net/catalog/product/4658858,Купить 24/7 | ChatGPT 6 PRO 100 | 200 | 500 | 1 Месяц | ПОДПИСКА ЧЕРЕЗ ТОКЕН | АВТО | ЧатГПТ,6 - Продлить подписку [РУЧНАЯ] | PRO 500 | ЧЕРЕЗ ДАННЫЕ,6 - Продлить подписку [РУЧНАЯ] | PRO 500 | ЧЕРЕЗ ДАННЫЕ,button,14,,,Pro,1m,own_account,59499.0,True,False,,True,,True,True,True,False,,
ggsel,4658858,https://ggsel.net/catalog/product/4658858,Купить 24/7 | ChatGPT 6 PRO 100 | 200 | 500 | 1 Месяц | ПОДПИСКА ЧЕРЕЗ ТОКЕН | АВТО | ЧатГПТ,1 - Продлить подписку [АВТО] | PRO 100 | ЧЕРЕЗ ТОКЕН,1 - Продлить подписку [АВТО] | PRO 100 | ЧЕРЕЗ ТОКЕН,button,9,,,Pro,1m,own_account,9499.0,True,False,,True,,True,True,True,False,,
ggsel,5306655,https://ggsel.net/catalog/product/5306655,Купить АВТО 24/7 Claude Ai Подписка PRO | 1 Месяц,[АВТО 24/7] PRO (1 месяц),[АВТО 24/7] PRO (1 месяц),button,10,,,Pro,1m,own_account,2279.0,True,False,,True,,False,True,True,False,,
ggsel,102291686,https://ggsel.net/catalog/product/102291686,Купить 24/7 | ChatGPT Plus Личный 1 месяц ПОЛНЫЙ КОМПЛЕКТ новая почта + codex,МГНОВЕННО 24/7 Новая личная подписка с новой почтой 30 дней подписки PLUS включено. Гарантия,МГНОВЕННО 24/7 Новая личная подписка с новой почтой 30 дней подписки PLUS включено. Гарантия,button,9,,,Plus,1m,own_account,1580.0,True,False,,True,,False,True,True,False,,
